"Assay"	"Sample Characteristic[organism]"	"Sample Characteristic Ontology Term[organism]"	"Sample Characteristic[cell line]"	"Sample Characteristic Ontology Term[cell line]"	"Sample Characteristic[cell type]"	"Sample Characteristic Ontology Term[cell type]"	"Sample Characteristic[specimen with known storage state]"	"Sample Characteristic Ontology Term[specimen with known storage state]"	"Sample Characteristic[cell cycle phase]"	"Sample Characteristic Ontology Term[cell cycle phase]"	"Factor Value[cell cycle phase]"	"Factor Value Ontology Term[cell cycle phase]"	"Factor Value[single cell identifier]"	"Factor Value Ontology Term[single cell identifier]"
"ERR580012"	"Mus musculus"	"http://purl.obolibrary.org/obo/NCBITaxon_10090"	"AB2.2"	"http://www.ebi.ac.uk/efo/EFO_0002812"	"mouse embryonic stem cell"	"http://www.ebi.ac.uk/efo/EFO_0004038"	"fresh specimen"	"http://purl.obolibrary.org/obo/OBI_0000971"	"G1"		"G1"		"G1_cell8"	
"ERR580013"	"Mus musculus"	"http://purl.obolibrary.org/obo/NCBITaxon_10090"	"AB2.2"	"http://www.ebi.ac.uk/efo/EFO_0002812"	"mouse embryonic stem cell"	"http://www.ebi.ac.uk/efo/EFO_0004038"	"fresh specimen"	"http://purl.obolibrary.org/obo/OBI_0000971"	"G2/M"		"G2/M"		"G2M_cell17"	
"ERR580014"	"Mus musculus"	"http://purl.obolibrary.org/obo/NCBITaxon_10090"	"AB2.2"	"http://www.ebi.ac.uk/efo/EFO_0002812"	"mouse embryonic stem cell"	"http://www.ebi.ac.uk/efo/EFO_0004038"	"fresh specimen"	"http://purl.obolibrary.org/obo/OBI_0000971"	"S"		"S"		"S_cell5"	
"ERR580015"	"Mus musculus"	"http://purl.obolibrary.org/obo/NCBITaxon_10090"	"AB2.2"	"http://www.ebi.ac.uk/efo/EFO_0002812"	"mouse embryonic stem cell"	"http://www.ebi.ac.uk/efo/EFO_0004038"	"fresh specimen"	"http://purl.obolibrary.org/obo/OBI_0000971"	"G1"		"G1"		"G1_cell62"	
"ERR580016"	"Mus musculus"	"http://purl.obolibrary.org/obo/NCBITaxon_10090"	"AB2.2"	"http://www.ebi.ac.uk/efo/EFO_0002812"	"mouse embryonic stem cell"	"http://www.ebi.ac.uk/efo/EFO_0004038"	"fresh specimen"	"http://purl.obolibrary.org/obo/OBI_0000971"	"S"		"S"		"S_cell87"	
"ERR580017"	"Mus musculus"	"http://purl.obolibrary.org/obo/NCBITaxon_10090"	"AB2.2"	"http://www.ebi.ac.uk/efo/EFO_0002812"	"mouse embryonic stem cell"	"http://www.ebi.ac.uk/efo/EFO_0004038"	"fresh specimen"	"http://purl.obolibrary.org/obo/OBI_0000971"	"S"		"S"		"S_cell16"	
"ERR580018"	"Mus musculus"	"http://purl.obolibrary.org/obo/NCBITaxon_10090"	"AB2.2"	"http://www.ebi.ac.uk/efo/EFO_0002812"	"mouse embryonic stem cell"	"http://www.ebi.ac.uk/efo/EFO_0004038"	"fresh specimen"	"http://purl.obolibrary.org/obo/OBI_0000971"	"S"		"S"		"S_cell50"	
"ERR580019"	"Mus musculus"	"http://purl.obolibrary.org/obo/NCBITaxon_10090"	"AB2.2"	"http://www.ebi.ac.uk/efo/EFO_0002812"	"mouse embryonic stem cell"	"http://www.ebi.ac.uk/efo/EFO_0004038"	"fresh specimen"	"http://purl.obolibrary.org/obo/OBI_0000971"	"S"		"S"		"S_cell37"	
"ERR580020"	"Mus musculus"	"http://purl.obolibrary.org/obo/NCBITaxon_10090"	"AB2.2"	"http://www.ebi.ac.uk/efo/EFO_0002812"	"mouse embryonic stem cell"	"http://www.ebi.ac.uk/efo/EFO_0004038"	"fresh specimen"	"http://purl.obolibrary.org/obo/OBI_0000971"	"S"		"S"		"S_cell39"	
"ERR580021"	"Mus musculus"	"http://purl.obolibrary.org/obo/NCBITaxon_10090"	"AB2.2"	"http://www.ebi.ac.uk/efo/EFO_0002812"	"mouse embryonic stem cell"	"http://www.ebi.ac.uk/efo/EFO_0004038"	"fresh specimen"	"http://purl.obolibrary.org/obo/OBI_0000971"	"G2/M"		"G2/M"		"G2M_cell40"	
"ERR580022"	"Mus musculus"	"http://purl.obolibrary.org/obo/NCBITaxon_10090"	"AB2.2"	"http://www.ebi.ac.uk/efo/EFO_0002812"	"mouse embryonic stem cell"	"http://www.ebi.ac.uk/efo/EFO_0004038"	"fresh specimen"	"http://purl.obolibrary.org/obo/OBI_0000971"	"S"		"S"		"S_cell42"	
"ERR580023"	"Mus musculus"	"http://purl.obolibrary.org/obo/NCBITaxon_10090"	"AB2.2"	"http://www.ebi.ac.uk/efo/EFO_0002812"	"mouse embryonic stem cell"	"http://www.ebi.ac.uk/efo/EFO_0004038"	"fresh specimen"	"http://purl.obolibrary.org/obo/OBI_0000971"	"S"		"S"		"S_cell9"	
"ERR580024"	"Mus musculus"	"http://purl.obolibrary.org/obo/NCBITaxon_10090"	"AB2.2"	"http://www.ebi.ac.uk/efo/EFO_0002812"	"mouse embryonic stem cell"	"http://www.ebi.ac.uk/efo/EFO_0004038"	"fresh specimen"	"http://purl.obolibrary.org/obo/OBI_0000971"	"G1"		"G1"		"G1_cell20"	
"ERR580025"	"Mus musculus"	"http://purl.obolibrary.org/obo/NCBITaxon_10090"	"AB2.2"	"http://www.ebi.ac.uk/efo/EFO_0002812"	"mouse embryonic stem cell"	"http://www.ebi.ac.uk/efo/EFO_0004038"	"fresh specimen"	"http://purl.obolibrary.org/obo/OBI_0000971"	"G2/M"		"G2/M"		"G2M_cell42"	
"ERR580026"	"Mus musculus"	"http://purl.obolibrary.org/obo/NCBITaxon_10090"	"AB2.2"	"http://www.ebi.ac.uk/efo/EFO_0002812"	"mouse embryonic stem cell"	"http://www.ebi.ac.uk/efo/EFO_0004038"	"fresh specimen"	"http://purl.obolibrary.org/obo/OBI_0000971"	"G1"		"G1"		"G1_cell2"	
"ERR580027"	"Mus musculus"	"http://purl.obolibrary.org/obo/NCBITaxon_10090"	"AB2.2"	"http://www.ebi.ac.uk/efo/EFO_0002812"	"mouse embryonic stem cell"	"http://www.ebi.ac.uk/efo/EFO_0004038"	"fresh specimen"	"http://purl.obolibrary.org/obo/OBI_0000971"	"G2/M"		"G2/M"		"G2M_cell23"	
"ERR580028"	"Mus musculus"	"http://purl.obolibrary.org/obo/NCBITaxon_10090"	"AB2.2"	"http://www.ebi.ac.uk/efo/EFO_0002812"	"mouse embryonic stem cell"	"http://www.ebi.ac.uk/efo/EFO_0004038"	"fresh specimen"	"http://purl.obolibrary.org/obo/OBI_0000971"	"S"		"S"		"S_cell12"	
"ERR580029"	"Mus musculus"	"http://purl.obolibrary.org/obo/NCBITaxon_10090"	"AB2.2"	"http://www.ebi.ac.uk/efo/EFO_0002812"	"mouse embryonic stem cell"	"http://www.ebi.ac.uk/efo/EFO_0004038"	"fresh specimen"	"http://purl.obolibrary.org/obo/OBI_0000971"	"G1"		"G1"		"G1_cell18"	
"ERR580030"	"Mus musculus"	"http://purl.obolibrary.org/obo/NCBITaxon_10090"	"AB2.2"	"http://www.ebi.ac.uk/efo/EFO_0002812"	"mouse embryonic stem cell"	"http://www.ebi.ac.uk/efo/EFO_0004038"	"fresh specimen"	"http://purl.obolibrary.org/obo/OBI_0000971"	"G2/M"		"G2/M"		"G2M_cell57"	
"ERR580031"	"Mus musculus"	"http://purl.obolibrary.org/obo/NCBITaxon_10090"	"AB2.2"	"http://www.ebi.ac.uk/efo/EFO_0002812"	"mouse embryonic stem cell"	"http://www.ebi.ac.uk/efo/EFO_0004038"	"fresh specimen"	"http://purl.obolibrary.org/obo/OBI_0000971"	"G1"		"G1"		"G1_cell13"	
"ERR580032"	"Mus musculus"	"http://purl.obolibrary.org/obo/NCBITaxon_10090"	"AB2.2"	"http://www.ebi.ac.uk/efo/EFO_0002812"	"mouse embryonic stem cell"	"http://www.ebi.ac.uk/efo/EFO_0004038"	"fresh specimen"	"http://purl.obolibrary.org/obo/OBI_0000971"	"G2/M"		"G2/M"		"G2M_cell90"	
"ERR580033"	"Mus musculus"	"http://purl.obolibrary.org/obo/NCBITaxon_10090"	"AB2.2"	"http://www.ebi.ac.uk/efo/EFO_0002812"	"mouse embryonic stem cell"	"http://www.ebi.ac.uk/efo/EFO_0004038"	"fresh specimen"	"http://purl.obolibrary.org/obo/OBI_0000971"	"G2/M"		"G2/M"		"G2M_cell18"	
"ERR580034"	"Mus musculus"	"http://purl.obolibrary.org/obo/NCBITaxon_10090"	"AB2.2"	"http://www.ebi.ac.uk/efo/EFO_0002812"	"mouse embryonic stem cell"	"http://www.ebi.ac.uk/efo/EFO_0004038"	"fresh specimen"	"http://purl.obolibrary.org/obo/OBI_0000971"	"G1"		"G1"		"G1_cell79"	
"ERR580035"	"Mus musculus"	"http://purl.obolibrary.org/obo/NCBITaxon_10090"	"AB2.2"	"http://www.ebi.ac.uk/efo/EFO_0002812"	"mouse embryonic stem cell"	"http://www.ebi.ac.uk/efo/EFO_0004038"	"fresh specimen"	"http://purl.obolibrary.org/obo/OBI_0000971"	"S"		"S"		"S_cell75"	
"ERR580036"	"Mus musculus"	"http://purl.obolibrary.org/obo/NCBITaxon_10090"	"AB2.2"	"http://www.ebi.ac.uk/efo/EFO_0002812"	"mouse embryonic stem cell"	"http://www.ebi.ac.uk/efo/EFO_0004038"	"fresh specimen"	"http://purl.obolibrary.org/obo/OBI_0000971"	"G2/M"		"G2/M"		"G2M_cell41"	
"ERR580037"	"Mus musculus"	"http://purl.obolibrary.org/obo/NCBITaxon_10090"	"AB2.2"	"http://www.ebi.ac.uk/efo/EFO_0002812"	"mouse embryonic stem cell"	"http://www.ebi.ac.uk/efo/EFO_0004038"	"fresh specimen"	"http://purl.obolibrary.org/obo/OBI_0000971"	"G1"		"G1"		"G1_cell10"	
"ERR580038"	"Mus musculus"	"http://purl.obolibrary.org/obo/NCBITaxon_10090"	"AB2.2"	"http://www.ebi.ac.uk/efo/EFO_0002812"	"mouse embryonic stem cell"	"http://www.ebi.ac.uk/efo/EFO_0004038"	"fresh specimen"	"http://purl.obolibrary.org/obo/OBI_0000971"	"G2/M"		"G2/M"		"G2M_cell68"	
"ERR580039"	"Mus musculus"	"http://purl.obolibrary.org/obo/NCBITaxon_10090"	"AB2.2"	"http://www.ebi.ac.uk/efo/EFO_0002812"	"mouse embryonic stem cell"	"http://www.ebi.ac.uk/efo/EFO_0004038"	"fresh specimen"	"http://purl.obolibrary.org/obo/OBI_0000971"	"G2/M"		"G2/M"		"G2M_cell65"	
"ERR580040"	"Mus musculus"	"http://purl.obolibrary.org/obo/NCBITaxon_10090"	"AB2.2"	"http://www.ebi.ac.uk/efo/EFO_0002812"	"mouse embryonic stem cell"	"http://www.ebi.ac.uk/efo/EFO_0004038"	"fresh specimen"	"http://purl.obolibrary.org/obo/OBI_0000971"	"S"		"S"		"S_cell69"	
"ERR580041"	"Mus musculus"	"http://purl.obolibrary.org/obo/NCBITaxon_10090"	"AB2.2"	"http://www.ebi.ac.uk/efo/EFO_0002812"	"mouse embryonic stem cell"	"http://www.ebi.ac.uk/efo/EFO_0004038"	"fresh specimen"	"http://purl.obolibrary.org/obo/OBI_0000971"	"S"		"S"		"S_cell48"	
"ERR580042"	"Mus musculus"	"http://purl.obolibrary.org/obo/NCBITaxon_10090"	"AB2.2"	"http://www.ebi.ac.uk/efo/EFO_0002812"	"mouse embryonic stem cell"	"http://www.ebi.ac.uk/efo/EFO_0004038"	"fresh specimen"	"http://purl.obolibrary.org/obo/OBI_0000971"	"G2/M"		"G2/M"		"G2M_cell69"	
"ERR580043"	"Mus musculus"	"http://purl.obolibrary.org/obo/NCBITaxon_10090"	"AB2.2"	"http://www.ebi.ac.uk/efo/EFO_0002812"	"mouse embryonic stem cell"	"http://www.ebi.ac.uk/efo/EFO_0004038"	"fresh specimen"	"http://purl.obolibrary.org/obo/OBI_0000971"	"S"		"S"		"S_cell55"	
"ERR580044"	"Mus musculus"	"http://purl.obolibrary.org/obo/NCBITaxon_10090"	"AB2.2"	"http://www.ebi.ac.uk/efo/EFO_0002812"	"mouse embryonic stem cell"	"http://www.ebi.ac.uk/efo/EFO_0004038"	"fresh specimen"	"http://purl.obolibrary.org/obo/OBI_0000971"	"G1"		"G1"		"G1_cell90"	
"ERR580045"	"Mus musculus"	"http://purl.obolibrary.org/obo/NCBITaxon_10090"	"AB2.2"	"http://www.ebi.ac.uk/efo/EFO_0002812"	"mouse embryonic stem cell"	"http://www.ebi.ac.uk/efo/EFO_0004038"	"fresh specimen"	"http://purl.obolibrary.org/obo/OBI_0000971"	"G1"		"G1"		"G1_cell85"	
"ERR580046"	"Mus musculus"	"http://purl.obolibrary.org/obo/NCBITaxon_10090"	"AB2.2"	"http://www.ebi.ac.uk/efo/EFO_0002812"	"mouse embryonic stem cell"	"http://www.ebi.ac.uk/efo/EFO_0004038"	"fresh specimen"	"http://purl.obolibrary.org/obo/OBI_0000971"	"G2/M"		"G2/M"		"G2M_cell79"	
"ERR580047"	"Mus musculus"	"http://purl.obolibrary.org/obo/NCBITaxon_10090"	"AB2.2"	"http://www.ebi.ac.uk/efo/EFO_0002812"	"mouse embryonic stem cell"	"http://www.ebi.ac.uk/efo/EFO_0004038"	"fresh specimen"	"http://purl.obolibrary.org/obo/OBI_0000971"	"G1"		"G1"		"G1_cell78"	
"ERR580048"	"Mus musculus"	"http://purl.obolibrary.org/obo/NCBITaxon_10090"	"AB2.2"	"http://www.ebi.ac.uk/efo/EFO_0002812"	"mouse embryonic stem cell"	"http://www.ebi.ac.uk/efo/EFO_0004038"	"fresh specimen"	"http://purl.obolibrary.org/obo/OBI_0000971"	"G1"		"G1"		"G1_cell80"	
"ERR580049"	"Mus musculus"	"http://purl.obolibrary.org/obo/NCBITaxon_10090"	"AB2.2"	"http://www.ebi.ac.uk/efo/EFO_0002812"	"mouse embryonic stem cell"	"http://www.ebi.ac.uk/efo/EFO_0004038"	"fresh specimen"	"http://purl.obolibrary.org/obo/OBI_0000971"	"G2/M"		"G2/M"		"G2M_cell29"	
"ERR580050"	"Mus musculus"	"http://purl.obolibrary.org/obo/NCBITaxon_10090"	"AB2.2"	"http://www.ebi.ac.uk/efo/EFO_0002812"	"mouse embryonic stem cell"	"http://www.ebi.ac.uk/efo/EFO_0004038"	"fresh specimen"	"http://purl.obolibrary.org/obo/OBI_0000971"	"G2/M"		"G2/M"		"G2M_cell88"	
"ERR580051"	"Mus musculus"	"http://purl.obolibrary.org/obo/NCBITaxon_10090"	"AB2.2"	"http://www.ebi.ac.uk/efo/EFO_0002812"	"mouse embryonic stem cell"	"http://www.ebi.ac.uk/efo/EFO_0004038"	"fresh specimen"	"http://purl.obolibrary.org/obo/OBI_0000971"	"S"		"S"		"S_cell86"	
"ERR580052"	"Mus musculus"	"http://purl.obolibrary.org/obo/NCBITaxon_10090"	"AB2.2"	"http://www.ebi.ac.uk/efo/EFO_0002812"	"mouse embryonic stem cell"	"http://www.ebi.ac.uk/efo/EFO_0004038"	"fresh specimen"	"http://purl.obolibrary.org/obo/OBI_0000971"	"G1"		"G1"		"G1_cell55"	
"ERR580053"	"Mus musculus"	"http://purl.obolibrary.org/obo/NCBITaxon_10090"	"AB2.2"	"http://www.ebi.ac.uk/efo/EFO_0002812"	"mouse embryonic stem cell"	"http://www.ebi.ac.uk/efo/EFO_0004038"	"fresh specimen"	"http://purl.obolibrary.org/obo/OBI_0000971"	"G2/M"		"G2/M"		"G2M_cell8"	
"ERR580054"	"Mus musculus"	"http://purl.obolibrary.org/obo/NCBITaxon_10090"	"AB2.2"	"http://www.ebi.ac.uk/efo/EFO_0002812"	"mouse embryonic stem cell"	"http://www.ebi.ac.uk/efo/EFO_0004038"	"fresh specimen"	"http://purl.obolibrary.org/obo/OBI_0000971"	"G2/M"		"G2/M"		"G2M_cell1"	
"ERR580055"	"Mus musculus"	"http://purl.obolibrary.org/obo/NCBITaxon_10090"	"AB2.2"	"http://www.ebi.ac.uk/efo/EFO_0002812"	"mouse embryonic stem cell"	"http://www.ebi.ac.uk/efo/EFO_0004038"	"fresh specimen"	"http://purl.obolibrary.org/obo/OBI_0000971"	"G1"		"G1"		"G1_cell66"	
"ERR580056"	"Mus musculus"	"http://purl.obolibrary.org/obo/NCBITaxon_10090"	"AB2.2"	"http://www.ebi.ac.uk/efo/EFO_0002812"	"mouse embryonic stem cell"	"http://www.ebi.ac.uk/efo/EFO_0004038"	"fresh specimen"	"http://purl.obolibrary.org/obo/OBI_0000971"	"G2/M"		"G2/M"		"G2M_cell70"	
"ERR580057"	"Mus musculus"	"http://purl.obolibrary.org/obo/NCBITaxon_10090"	"AB2.2"	"http://www.ebi.ac.uk/efo/EFO_0002812"	"mouse embryonic stem cell"	"http://www.ebi.ac.uk/efo/EFO_0004038"	"fresh specimen"	"http://purl.obolibrary.org/obo/OBI_0000971"	"G2/M"		"G2/M"		"G2M_cell9"	
"ERR580058"	"Mus musculus"	"http://purl.obolibrary.org/obo/NCBITaxon_10090"	"AB2.2"	"http://www.ebi.ac.uk/efo/EFO_0002812"	"mouse embryonic stem cell"	"http://www.ebi.ac.uk/efo/EFO_0004038"	"fresh specimen"	"http://purl.obolibrary.org/obo/OBI_0000971"	"G2/M"		"G2/M"		"G2M_cell21"	
"ERR580059"	"Mus musculus"	"http://purl.obolibrary.org/obo/NCBITaxon_10090"	"AB2.2"	"http://www.ebi.ac.uk/efo/EFO_0002812"	"mouse embryonic stem cell"	"http://www.ebi.ac.uk/efo/EFO_0004038"	"fresh specimen"	"http://purl.obolibrary.org/obo/OBI_0000971"	"S"		"S"		"S_cell52"	
"ERR580060"	"Mus musculus"	"http://purl.obolibrary.org/obo/NCBITaxon_10090"	"AB2.2"	"http://www.ebi.ac.uk/efo/EFO_0002812"	"mouse embryonic stem cell"	"http://www.ebi.ac.uk/efo/EFO_0004038"	"fresh specimen"	"http://purl.obolibrary.org/obo/OBI_0000971"	"G2/M"		"G2/M"		"G2M_cell5"	
"ERR580061"	"Mus musculus"	"http://purl.obolibrary.org/obo/NCBITaxon_10090"	"AB2.2"	"http://www.ebi.ac.uk/efo/EFO_0002812"	"mouse embryonic stem cell"	"http://www.ebi.ac.uk/efo/EFO_0004038"	"fresh specimen"	"http://purl.obolibrary.org/obo/OBI_0000971"	"G1"		"G1"		"G1_cell48"	
"ERR580062"	"Mus musculus"	"http://purl.obolibrary.org/obo/NCBITaxon_10090"	"AB2.2"	"http://www.ebi.ac.uk/efo/EFO_0002812"	"mouse embryonic stem cell"	"http://www.ebi.ac.uk/efo/EFO_0004038"	"fresh specimen"	"http://purl.obolibrary.org/obo/OBI_0000971"	"G2/M"		"G2/M"		"G2M_cell35"	
"ERR580063"	"Mus musculus"	"http://purl.obolibrary.org/obo/NCBITaxon_10090"	"AB2.2"	"http://www.ebi.ac.uk/efo/EFO_0002812"	"mouse embryonic stem cell"	"http://www.ebi.ac.uk/efo/EFO_0004038"	"fresh specimen"	"http://purl.obolibrary.org/obo/OBI_0000971"	"S"		"S"		"S_cell28"	
"ERR580064"	"Mus musculus"	"http://purl.obolibrary.org/obo/NCBITaxon_10090"	"AB2.2"	"http://www.ebi.ac.uk/efo/EFO_0002812"	"mouse embryonic stem cell"	"http://www.ebi.ac.uk/efo/EFO_0004038"	"fresh specimen"	"http://purl.obolibrary.org/obo/OBI_0000971"	"G2/M"		"G2/M"		"G2M_cell76"	
"ERR580065"	"Mus musculus"	"http://purl.obolibrary.org/obo/NCBITaxon_10090"	"AB2.2"	"http://www.ebi.ac.uk/efo/EFO_0002812"	"mouse embryonic stem cell"	"http://www.ebi.ac.uk/efo/EFO_0004038"	"fresh specimen"	"http://purl.obolibrary.org/obo/OBI_0000971"	"G1"		"G1"		"G1_cell6"	
"ERR580066"	"Mus musculus"	"http://purl.obolibrary.org/obo/NCBITaxon_10090"	"AB2.2"	"http://www.ebi.ac.uk/efo/EFO_0002812"	"mouse embryonic stem cell"	"http://www.ebi.ac.uk/efo/EFO_0004038"	"fresh specimen"	"http://purl.obolibrary.org/obo/OBI_0000971"	"S"		"S"		"S_cell1"	
"ERR580067"	"Mus musculus"	"http://purl.obolibrary.org/obo/NCBITaxon_10090"	"AB2.2"	"http://www.ebi.ac.uk/efo/EFO_0002812"	"mouse embryonic stem cell"	"http://www.ebi.ac.uk/efo/EFO_0004038"	"fresh specimen"	"http://purl.obolibrary.org/obo/OBI_0000971"	"G1"		"G1"		"G1_cell71"	
"ERR580068"	"Mus musculus"	"http://purl.obolibrary.org/obo/NCBITaxon_10090"	"AB2.2"	"http://www.ebi.ac.uk/efo/EFO_0002812"	"mouse embryonic stem cell"	"http://www.ebi.ac.uk/efo/EFO_0004038"	"fresh specimen"	"http://purl.obolibrary.org/obo/OBI_0000971"	"G1"		"G1"		"G1_cell24"	
"ERR580069"	"Mus musculus"	"http://purl.obolibrary.org/obo/NCBITaxon_10090"	"AB2.2"	"http://www.ebi.ac.uk/efo/EFO_0002812"	"mouse embryonic stem cell"	"http://www.ebi.ac.uk/efo/EFO_0004038"	"fresh specimen"	"http://purl.obolibrary.org/obo/OBI_0000971"	"S"		"S"		"S_cell25"	
"ERR580070"	"Mus musculus"	"http://purl.obolibrary.org/obo/NCBITaxon_10090"	"AB2.2"	"http://www.ebi.ac.uk/efo/EFO_0002812"	"mouse embryonic stem cell"	"http://www.ebi.ac.uk/efo/EFO_0004038"	"fresh specimen"	"http://purl.obolibrary.org/obo/OBI_0000971"	"S"		"S"		"S_cell44"	
"ERR580071"	"Mus musculus"	"http://purl.obolibrary.org/obo/NCBITaxon_10090"	"AB2.2"	"http://www.ebi.ac.uk/efo/EFO_0002812"	"mouse embryonic stem cell"	"http://www.ebi.ac.uk/efo/EFO_0004038"	"fresh specimen"	"http://purl.obolibrary.org/obo/OBI_0000971"	"G2/M"		"G2/M"		"G2M_cell78"	
"ERR580072"	"Mus musculus"	"http://purl.obolibrary.org/obo/NCBITaxon_10090"	"AB2.2"	"http://www.ebi.ac.uk/efo/EFO_0002812"	"mouse embryonic stem cell"	"http://www.ebi.ac.uk/efo/EFO_0004038"	"fresh specimen"	"http://purl.obolibrary.org/obo/OBI_0000971"	"G2/M"		"G2/M"		"G2M_cell77"	
"ERR580073"	"Mus musculus"	"http://purl.obolibrary.org/obo/NCBITaxon_10090"	"AB2.2"	"http://www.ebi.ac.uk/efo/EFO_0002812"	"mouse embryonic stem cell"	"http://www.ebi.ac.uk/efo/EFO_0004038"	"fresh specimen"	"http://purl.obolibrary.org/obo/OBI_0000971"	"G2/M"		"G2/M"		"G2M_cell63"	
"ERR580074"	"Mus musculus"	"http://purl.obolibrary.org/obo/NCBITaxon_10090"	"AB2.2"	"http://www.ebi.ac.uk/efo/EFO_0002812"	"mouse embryonic stem cell"	"http://www.ebi.ac.uk/efo/EFO_0004038"	"fresh specimen"	"http://purl.obolibrary.org/obo/OBI_0000971"	"G2/M"		"G2/M"		"G2M_cell24"	
"ERR580075"	"Mus musculus"	"http://purl.obolibrary.org/obo/NCBITaxon_10090"	"AB2.2"	"http://www.ebi.ac.uk/efo/EFO_0002812"	"mouse embryonic stem cell"	"http://www.ebi.ac.uk/efo/EFO_0004038"	"fresh specimen"	"http://purl.obolibrary.org/obo/OBI_0000971"	"G2/M"		"G2/M"		"G2M_cell55"	
"ERR580076"	"Mus musculus"	"http://purl.obolibrary.org/obo/NCBITaxon_10090"	"AB2.2"	"http://www.ebi.ac.uk/efo/EFO_0002812"	"mouse embryonic stem cell"	"http://www.ebi.ac.uk/efo/EFO_0004038"	"fresh specimen"	"http://purl.obolibrary.org/obo/OBI_0000971"	"S"		"S"		"S_cell58"	
"ERR580077"	"Mus musculus"	"http://purl.obolibrary.org/obo/NCBITaxon_10090"	"AB2.2"	"http://www.ebi.ac.uk/efo/EFO_0002812"	"mouse embryonic stem cell"	"http://www.ebi.ac.uk/efo/EFO_0004038"	"fresh specimen"	"http://purl.obolibrary.org/obo/OBI_0000971"	"G1"		"G1"		"G1_cell31"	
"ERR580078"	"Mus musculus"	"http://purl.obolibrary.org/obo/NCBITaxon_10090"	"AB2.2"	"http://www.ebi.ac.uk/efo/EFO_0002812"	"mouse embryonic stem cell"	"http://www.ebi.ac.uk/efo/EFO_0004038"	"fresh specimen"	"http://purl.obolibrary.org/obo/OBI_0000971"	"S"		"S"		"S_cell95"	
"ERR580079"	"Mus musculus"	"http://purl.obolibrary.org/obo/NCBITaxon_10090"	"AB2.2"	"http://www.ebi.ac.uk/efo/EFO_0002812"	"mouse embryonic stem cell"	"http://www.ebi.ac.uk/efo/EFO_0004038"	"fresh specimen"	"http://purl.obolibrary.org/obo/OBI_0000971"	"S"		"S"		"S_cell54"	
"ERR580080"	"Mus musculus"	"http://purl.obolibrary.org/obo/NCBITaxon_10090"	"AB2.2"	"http://www.ebi.ac.uk/efo/EFO_0002812"	"mouse embryonic stem cell"	"http://www.ebi.ac.uk/efo/EFO_0004038"	"fresh specimen"	"http://purl.obolibrary.org/obo/OBI_0000971"	"G2/M"		"G2/M"		"G2M_cell31"	
"ERR580081"	"Mus musculus"	"http://purl.obolibrary.org/obo/NCBITaxon_10090"	"AB2.2"	"http://www.ebi.ac.uk/efo/EFO_0002812"	"mouse embryonic stem cell"	"http://www.ebi.ac.uk/efo/EFO_0004038"	"fresh specimen"	"http://purl.obolibrary.org/obo/OBI_0000971"	"S"		"S"		"S_cell36"	
"ERR580082"	"Mus musculus"	"http://purl.obolibrary.org/obo/NCBITaxon_10090"	"AB2.2"	"http://www.ebi.ac.uk/efo/EFO_0002812"	"mouse embryonic stem cell"	"http://www.ebi.ac.uk/efo/EFO_0004038"	"fresh specimen"	"http://purl.obolibrary.org/obo/OBI_0000971"	"G2/M"		"G2/M"		"G2M_cell81"	
"ERR580083"	"Mus musculus"	"http://purl.obolibrary.org/obo/NCBITaxon_10090"	"AB2.2"	"http://www.ebi.ac.uk/efo/EFO_0002812"	"mouse embryonic stem cell"	"http://www.ebi.ac.uk/efo/EFO_0004038"	"fresh specimen"	"http://purl.obolibrary.org/obo/OBI_0000971"	"G2/M"		"G2/M"		"G2M_cell96"	
"ERR580084"	"Mus musculus"	"http://purl.obolibrary.org/obo/NCBITaxon_10090"	"AB2.2"	"http://www.ebi.ac.uk/efo/EFO_0002812"	"mouse embryonic stem cell"	"http://www.ebi.ac.uk/efo/EFO_0004038"	"fresh specimen"	"http://purl.obolibrary.org/obo/OBI_0000971"	"G1"		"G1"		"G1_cell72"	
"ERR580085"	"Mus musculus"	"http://purl.obolibrary.org/obo/NCBITaxon_10090"	"AB2.2"	"http://www.ebi.ac.uk/efo/EFO_0002812"	"mouse embryonic stem cell"	"http://www.ebi.ac.uk/efo/EFO_0004038"	"fresh specimen"	"http://purl.obolibrary.org/obo/OBI_0000971"	"G1"		"G1"		"G1_cell42"	
"ERR580086"	"Mus musculus"	"http://purl.obolibrary.org/obo/NCBITaxon_10090"	"AB2.2"	"http://www.ebi.ac.uk/efo/EFO_0002812"	"mouse embryonic stem cell"	"http://www.ebi.ac.uk/efo/EFO_0004038"	"fresh specimen"	"http://purl.obolibrary.org/obo/OBI_0000971"	"S"		"S"		"S_cell6"	
"ERR580087"	"Mus musculus"	"http://purl.obolibrary.org/obo/NCBITaxon_10090"	"AB2.2"	"http://www.ebi.ac.uk/efo/EFO_0002812"	"mouse embryonic stem cell"	"http://www.ebi.ac.uk/efo/EFO_0004038"	"fresh specimen"	"http://purl.obolibrary.org/obo/OBI_0000971"	"G2/M"		"G2/M"		"G2M_cell95"	
"ERR580088"	"Mus musculus"	"http://purl.obolibrary.org/obo/NCBITaxon_10090"	"AB2.2"	"http://www.ebi.ac.uk/efo/EFO_0002812"	"mouse embryonic stem cell"	"http://www.ebi.ac.uk/efo/EFO_0004038"	"fresh specimen"	"http://purl.obolibrary.org/obo/OBI_0000971"	"G2/M"		"G2/M"		"G2M_cell30"	
"ERR580089"	"Mus musculus"	"http://purl.obolibrary.org/obo/NCBITaxon_10090"	"AB2.2"	"http://www.ebi.ac.uk/efo/EFO_0002812"	"mouse embryonic stem cell"	"http://www.ebi.ac.uk/efo/EFO_0004038"	"fresh specimen"	"http://purl.obolibrary.org/obo/OBI_0000971"	"G2/M"		"G2/M"		"G2M_cell93"	
"ERR580090"	"Mus musculus"	"http://purl.obolibrary.org/obo/NCBITaxon_10090"	"AB2.2"	"http://www.ebi.ac.uk/efo/EFO_0002812"	"mouse embryonic stem cell"	"http://www.ebi.ac.uk/efo/EFO_0004038"	"fresh specimen"	"http://purl.obolibrary.org/obo/OBI_0000971"	"G2/M"		"G2/M"		"G2M_cell43"	
"ERR580091"	"Mus musculus"	"http://purl.obolibrary.org/obo/NCBITaxon_10090"	"AB2.2"	"http://www.ebi.ac.uk/efo/EFO_0002812"	"mouse embryonic stem cell"	"http://www.ebi.ac.uk/efo/EFO_0004038"	"fresh specimen"	"http://purl.obolibrary.org/obo/OBI_0000971"	"S"		"S"		"S_cell92"	
"ERR580092"	"Mus musculus"	"http://purl.obolibrary.org/obo/NCBITaxon_10090"	"AB2.2"	"http://www.ebi.ac.uk/efo/EFO_0002812"	"mouse embryonic stem cell"	"http://www.ebi.ac.uk/efo/EFO_0004038"	"fresh specimen"	"http://purl.obolibrary.org/obo/OBI_0000971"	"G2/M"		"G2/M"		"G2M_cell37"	
"ERR580093"	"Mus musculus"	"http://purl.obolibrary.org/obo/NCBITaxon_10090"	"AB2.2"	"http://www.ebi.ac.uk/efo/EFO_0002812"	"mouse embryonic stem cell"	"http://www.ebi.ac.uk/efo/EFO_0004038"	"fresh specimen"	"http://purl.obolibrary.org/obo/OBI_0000971"	"S"		"S"		"S_cell8"	
"ERR580094"	"Mus musculus"	"http://purl.obolibrary.org/obo/NCBITaxon_10090"	"AB2.2"	"http://www.ebi.ac.uk/efo/EFO_0002812"	"mouse embryonic stem cell"	"http://www.ebi.ac.uk/efo/EFO_0004038"	"fresh specimen"	"http://purl.obolibrary.org/obo/OBI_0000971"	"G1"		"G1"		"G1_cell27"	
"ERR580095"	"Mus musculus"	"http://purl.obolibrary.org/obo/NCBITaxon_10090"	"AB2.2"	"http://www.ebi.ac.uk/efo/EFO_0002812"	"mouse embryonic stem cell"	"http://www.ebi.ac.uk/efo/EFO_0004038"	"fresh specimen"	"http://purl.obolibrary.org/obo/OBI_0000971"	"G2/M"		"G2/M"		"G2M_cell52"	
"ERR580096"	"Mus musculus"	"http://purl.obolibrary.org/obo/NCBITaxon_10090"	"AB2.2"	"http://www.ebi.ac.uk/efo/EFO_0002812"	"mouse embryonic stem cell"	"http://www.ebi.ac.uk/efo/EFO_0004038"	"fresh specimen"	"http://purl.obolibrary.org/obo/OBI_0000971"	"S"		"S"		"S_cell84"	
"ERR580097"	"Mus musculus"	"http://purl.obolibrary.org/obo/NCBITaxon_10090"	"AB2.2"	"http://www.ebi.ac.uk/efo/EFO_0002812"	"mouse embryonic stem cell"	"http://www.ebi.ac.uk/efo/EFO_0004038"	"fresh specimen"	"http://purl.obolibrary.org/obo/OBI_0000971"	"G1"		"G1"		"G1_cell33"	
"ERR580098"	"Mus musculus"	"http://purl.obolibrary.org/obo/NCBITaxon_10090"	"AB2.2"	"http://www.ebi.ac.uk/efo/EFO_0002812"	"mouse embryonic stem cell"	"http://www.ebi.ac.uk/efo/EFO_0004038"	"fresh specimen"	"http://purl.obolibrary.org/obo/OBI_0000971"	"G2/M"		"G2/M"		"G2M_cell58"	
"ERR580099"	"Mus musculus"	"http://purl.obolibrary.org/obo/NCBITaxon_10090"	"AB2.2"	"http://www.ebi.ac.uk/efo/EFO_0002812"	"mouse embryonic stem cell"	"http://www.ebi.ac.uk/efo/EFO_0004038"	"fresh specimen"	"http://purl.obolibrary.org/obo/OBI_0000971"	"G1"		"G1"		"G1_cell68"	
"ERR580100"	"Mus musculus"	"http://purl.obolibrary.org/obo/NCBITaxon_10090"	"AB2.2"	"http://www.ebi.ac.uk/efo/EFO_0002812"	"mouse embryonic stem cell"	"http://www.ebi.ac.uk/efo/EFO_0004038"	"fresh specimen"	"http://purl.obolibrary.org/obo/OBI_0000971"	"G2/M"		"G2/M"		"G2M_cell92"	
"ERR580101"	"Mus musculus"	"http://purl.obolibrary.org/obo/NCBITaxon_10090"	"AB2.2"	"http://www.ebi.ac.uk/efo/EFO_0002812"	"mouse embryonic stem cell"	"http://www.ebi.ac.uk/efo/EFO_0004038"	"fresh specimen"	"http://purl.obolibrary.org/obo/OBI_0000971"	"G1"		"G1"		"G1_cell38"	
"ERR580102"	"Mus musculus"	"http://purl.obolibrary.org/obo/NCBITaxon_10090"	"AB2.2"	"http://www.ebi.ac.uk/efo/EFO_0002812"	"mouse embryonic stem cell"	"http://www.ebi.ac.uk/efo/EFO_0004038"	"fresh specimen"	"http://purl.obolibrary.org/obo/OBI_0000971"	"G1"		"G1"		"G1_cell32"	
"ERR580103"	"Mus musculus"	"http://purl.obolibrary.org/obo/NCBITaxon_10090"	"AB2.2"	"http://www.ebi.ac.uk/efo/EFO_0002812"	"mouse embryonic stem cell"	"http://www.ebi.ac.uk/efo/EFO_0004038"	"fresh specimen"	"http://purl.obolibrary.org/obo/OBI_0000971"	"G1"		"G1"		"G1_cell22"	
"ERR580104"	"Mus musculus"	"http://purl.obolibrary.org/obo/NCBITaxon_10090"	"AB2.2"	"http://www.ebi.ac.uk/efo/EFO_0002812"	"mouse embryonic stem cell"	"http://www.ebi.ac.uk/efo/EFO_0004038"	"fresh specimen"	"http://purl.obolibrary.org/obo/OBI_0000971"	"G2/M"		"G2/M"		"G2M_cell60"	
"ERR580105"	"Mus musculus"	"http://purl.obolibrary.org/obo/NCBITaxon_10090"	"AB2.2"	"http://www.ebi.ac.uk/efo/EFO_0002812"	"mouse embryonic stem cell"	"http://www.ebi.ac.uk/efo/EFO_0004038"	"fresh specimen"	"http://purl.obolibrary.org/obo/OBI_0000971"	"G1"		"G1"		"G1_cell89"	
"ERR580106"	"Mus musculus"	"http://purl.obolibrary.org/obo/NCBITaxon_10090"	"AB2.2"	"http://www.ebi.ac.uk/efo/EFO_0002812"	"mouse embryonic stem cell"	"http://www.ebi.ac.uk/efo/EFO_0004038"	"fresh specimen"	"http://purl.obolibrary.org/obo/OBI_0000971"	"G2/M"		"G2/M"		"G2M_cell14"	
"ERR580107"	"Mus musculus"	"http://purl.obolibrary.org/obo/NCBITaxon_10090"	"AB2.2"	"http://www.ebi.ac.uk/efo/EFO_0002812"	"mouse embryonic stem cell"	"http://www.ebi.ac.uk/efo/EFO_0004038"	"fresh specimen"	"http://purl.obolibrary.org/obo/OBI_0000971"	"G2/M"		"G2/M"		"G2M_cell20"	
"ERR580108"	"Mus musculus"	"http://purl.obolibrary.org/obo/NCBITaxon_10090"	"AB2.2"	"http://www.ebi.ac.uk/efo/EFO_0002812"	"mouse embryonic stem cell"	"http://www.ebi.ac.uk/efo/EFO_0004038"	"fresh specimen"	"http://purl.obolibrary.org/obo/OBI_0000971"	"S"		"S"		"S_cell60"	
"ERR580109"	"Mus musculus"	"http://purl.obolibrary.org/obo/NCBITaxon_10090"	"AB2.2"	"http://www.ebi.ac.uk/efo/EFO_0002812"	"mouse embryonic stem cell"	"http://www.ebi.ac.uk/efo/EFO_0004038"	"fresh specimen"	"http://purl.obolibrary.org/obo/OBI_0000971"	"G1"		"G1"		"G1_cell47"	
"ERR580110"	"Mus musculus"	"http://purl.obolibrary.org/obo/NCBITaxon_10090"	"AB2.2"	"http://www.ebi.ac.uk/efo/EFO_0002812"	"mouse embryonic stem cell"	"http://www.ebi.ac.uk/efo/EFO_0004038"	"fresh specimen"	"http://purl.obolibrary.org/obo/OBI_0000971"	"G2/M"		"G2/M"		"G2M_cell73"	
"ERR580111"	"Mus musculus"	"http://purl.obolibrary.org/obo/NCBITaxon_10090"	"AB2.2"	"http://www.ebi.ac.uk/efo/EFO_0002812"	"mouse embryonic stem cell"	"http://www.ebi.ac.uk/efo/EFO_0004038"	"fresh specimen"	"http://purl.obolibrary.org/obo/OBI_0000971"	"S"		"S"		"S_cell68"	
"ERR580112"	"Mus musculus"	"http://purl.obolibrary.org/obo/NCBITaxon_10090"	"AB2.2"	"http://www.ebi.ac.uk/efo/EFO_0002812"	"mouse embryonic stem cell"	"http://www.ebi.ac.uk/efo/EFO_0004038"	"fresh specimen"	"http://purl.obolibrary.org/obo/OBI_0000971"	"G2/M"		"G2/M"		"G2M_cell85"	
"ERR580113"	"Mus musculus"	"http://purl.obolibrary.org/obo/NCBITaxon_10090"	"AB2.2"	"http://www.ebi.ac.uk/efo/EFO_0002812"	"mouse embryonic stem cell"	"http://www.ebi.ac.uk/efo/EFO_0004038"	"fresh specimen"	"http://purl.obolibrary.org/obo/OBI_0000971"	"G1"		"G1"		"G1_cell5"	
"ERR580114"	"Mus musculus"	"http://purl.obolibrary.org/obo/NCBITaxon_10090"	"AB2.2"	"http://www.ebi.ac.uk/efo/EFO_0002812"	"mouse embryonic stem cell"	"http://www.ebi.ac.uk/efo/EFO_0004038"	"fresh specimen"	"http://purl.obolibrary.org/obo/OBI_0000971"	"G2/M"		"G2/M"		"G2M_cell80"	
"ERR580115"	"Mus musculus"	"http://purl.obolibrary.org/obo/NCBITaxon_10090"	"AB2.2"	"http://www.ebi.ac.uk/efo/EFO_0002812"	"mouse embryonic stem cell"	"http://www.ebi.ac.uk/efo/EFO_0004038"	"fresh specimen"	"http://purl.obolibrary.org/obo/OBI_0000971"	"G1"		"G1"		"G1_cell41"	
"ERR580116"	"Mus musculus"	"http://purl.obolibrary.org/obo/NCBITaxon_10090"	"AB2.2"	"http://www.ebi.ac.uk/efo/EFO_0002812"	"mouse embryonic stem cell"	"http://www.ebi.ac.uk/efo/EFO_0004038"	"fresh specimen"	"http://purl.obolibrary.org/obo/OBI_0000971"	"G2/M"		"G2/M"		"G2M_cell28"	
"ERR580117"	"Mus musculus"	"http://purl.obolibrary.org/obo/NCBITaxon_10090"	"AB2.2"	"http://www.ebi.ac.uk/efo/EFO_0002812"	"mouse embryonic stem cell"	"http://www.ebi.ac.uk/efo/EFO_0004038"	"fresh specimen"	"http://purl.obolibrary.org/obo/OBI_0000971"	"G1"		"G1"		"G1_cell39"	
"ERR580118"	"Mus musculus"	"http://purl.obolibrary.org/obo/NCBITaxon_10090"	"AB2.2"	"http://www.ebi.ac.uk/efo/EFO_0002812"	"mouse embryonic stem cell"	"http://www.ebi.ac.uk/efo/EFO_0004038"	"fresh specimen"	"http://purl.obolibrary.org/obo/OBI_0000971"	"S"		"S"		"S_cell41"	
"ERR580119"	"Mus musculus"	"http://purl.obolibrary.org/obo/NCBITaxon_10090"	"AB2.2"	"http://www.ebi.ac.uk/efo/EFO_0002812"	"mouse embryonic stem cell"	"http://www.ebi.ac.uk/efo/EFO_0004038"	"fresh specimen"	"http://purl.obolibrary.org/obo/OBI_0000971"	"S"		"S"		"S_cell74"	
"ERR580120"	"Mus musculus"	"http://purl.obolibrary.org/obo/NCBITaxon_10090"	"AB2.2"	"http://www.ebi.ac.uk/efo/EFO_0002812"	"mouse embryonic stem cell"	"http://www.ebi.ac.uk/efo/EFO_0004038"	"fresh specimen"	"http://purl.obolibrary.org/obo/OBI_0000971"	"G2/M"		"G2/M"		"G2M_cell2"	
"ERR580121"	"Mus musculus"	"http://purl.obolibrary.org/obo/NCBITaxon_10090"	"AB2.2"	"http://www.ebi.ac.uk/efo/EFO_0002812"	"mouse embryonic stem cell"	"http://www.ebi.ac.uk/efo/EFO_0004038"	"fresh specimen"	"http://purl.obolibrary.org/obo/OBI_0000971"	"S"		"S"		"S_cell76"	
"ERR580122"	"Mus musculus"	"http://purl.obolibrary.org/obo/NCBITaxon_10090"	"AB2.2"	"http://www.ebi.ac.uk/efo/EFO_0002812"	"mouse embryonic stem cell"	"http://www.ebi.ac.uk/efo/EFO_0004038"	"fresh specimen"	"http://purl.obolibrary.org/obo/OBI_0000971"	"G2/M"		"G2/M"		"G2M_cell53"	
"ERR580123"	"Mus musculus"	"http://purl.obolibrary.org/obo/NCBITaxon_10090"	"AB2.2"	"http://www.ebi.ac.uk/efo/EFO_0002812"	"mouse embryonic stem cell"	"http://www.ebi.ac.uk/efo/EFO_0004038"	"fresh specimen"	"http://purl.obolibrary.org/obo/OBI_0000971"	"G2/M"		"G2/M"		"G2M_cell39"	
"ERR580124"	"Mus musculus"	"http://purl.obolibrary.org/obo/NCBITaxon_10090"	"AB2.2"	"http://www.ebi.ac.uk/efo/EFO_0002812"	"mouse embryonic stem cell"	"http://www.ebi.ac.uk/efo/EFO_0004038"	"fresh specimen"	"http://purl.obolibrary.org/obo/OBI_0000971"	"G2/M"		"G2/M"		"G2M_cell86"	
"ERR580125"	"Mus musculus"	"http://purl.obolibrary.org/obo/NCBITaxon_10090"	"AB2.2"	"http://www.ebi.ac.uk/efo/EFO_0002812"	"mouse embryonic stem cell"	"http://www.ebi.ac.uk/efo/EFO_0004038"	"fresh specimen"	"http://purl.obolibrary.org/obo/OBI_0000971"	"G1"		"G1"		"G1_cell49"	
"ERR580126"	"Mus musculus"	"http://purl.obolibrary.org/obo/NCBITaxon_10090"	"AB2.2"	"http://www.ebi.ac.uk/efo/EFO_0002812"	"mouse embryonic stem cell"	"http://www.ebi.ac.uk/efo/EFO_0004038"	"fresh specimen"	"http://purl.obolibrary.org/obo/OBI_0000971"	"S"		"S"		"S_cell3"	
"ERR580127"	"Mus musculus"	"http://purl.obolibrary.org/obo/NCBITaxon_10090"	"AB2.2"	"http://www.ebi.ac.uk/efo/EFO_0002812"	"mouse embryonic stem cell"	"http://www.ebi.ac.uk/efo/EFO_0004038"	"fresh specimen"	"http://purl.obolibrary.org/obo/OBI_0000971"	"S"		"S"		"S_cell56"	
"ERR580128"	"Mus musculus"	"http://purl.obolibrary.org/obo/NCBITaxon_10090"	"AB2.2"	"http://www.ebi.ac.uk/efo/EFO_0002812"	"mouse embryonic stem cell"	"http://www.ebi.ac.uk/efo/EFO_0004038"	"fresh specimen"	"http://purl.obolibrary.org/obo/OBI_0000971"	"G2/M"		"G2/M"		"G2M_cell87"	
"ERR580129"	"Mus musculus"	"http://purl.obolibrary.org/obo/NCBITaxon_10090"	"AB2.2"	"http://www.ebi.ac.uk/efo/EFO_0002812"	"mouse embryonic stem cell"	"http://www.ebi.ac.uk/efo/EFO_0004038"	"fresh specimen"	"http://purl.obolibrary.org/obo/OBI_0000971"	"G1"		"G1"		"G1_cell43"	
"ERR580130"	"Mus musculus"	"http://purl.obolibrary.org/obo/NCBITaxon_10090"	"AB2.2"	"http://www.ebi.ac.uk/efo/EFO_0002812"	"mouse embryonic stem cell"	"http://www.ebi.ac.uk/efo/EFO_0004038"	"fresh specimen"	"http://purl.obolibrary.org/obo/OBI_0000971"	"G1"		"G1"		"G1_cell74"	
"ERR580131"	"Mus musculus"	"http://purl.obolibrary.org/obo/NCBITaxon_10090"	"AB2.2"	"http://www.ebi.ac.uk/efo/EFO_0002812"	"mouse embryonic stem cell"	"http://www.ebi.ac.uk/efo/EFO_0004038"	"fresh specimen"	"http://purl.obolibrary.org/obo/OBI_0000971"	"G1"		"G1"		"G1_cell67"	
"ERR580132"	"Mus musculus"	"http://purl.obolibrary.org/obo/NCBITaxon_10090"	"AB2.2"	"http://www.ebi.ac.uk/efo/EFO_0002812"	"mouse embryonic stem cell"	"http://www.ebi.ac.uk/efo/EFO_0004038"	"fresh specimen"	"http://purl.obolibrary.org/obo/OBI_0000971"	"G1"		"G1"		"G1_cell77"	
"ERR580133"	"Mus musculus"	"http://purl.obolibrary.org/obo/NCBITaxon_10090"	"AB2.2"	"http://www.ebi.ac.uk/efo/EFO_0002812"	"mouse embryonic stem cell"	"http://www.ebi.ac.uk/efo/EFO_0004038"	"fresh specimen"	"http://purl.obolibrary.org/obo/OBI_0000971"	"G1"		"G1"		"G1_cell53"	
"ERR580134"	"Mus musculus"	"http://purl.obolibrary.org/obo/NCBITaxon_10090"	"AB2.2"	"http://www.ebi.ac.uk/efo/EFO_0002812"	"mouse embryonic stem cell"	"http://www.ebi.ac.uk/efo/EFO_0004038"	"fresh specimen"	"http://purl.obolibrary.org/obo/OBI_0000971"	"S"		"S"		"S_cell23"	
"ERR580135"	"Mus musculus"	"http://purl.obolibrary.org/obo/NCBITaxon_10090"	"AB2.2"	"http://www.ebi.ac.uk/efo/EFO_0002812"	"mouse embryonic stem cell"	"http://www.ebi.ac.uk/efo/EFO_0004038"	"fresh specimen"	"http://purl.obolibrary.org/obo/OBI_0000971"	"G1"		"G1"		"G1_cell57"	
"ERR580136"	"Mus musculus"	"http://purl.obolibrary.org/obo/NCBITaxon_10090"	"AB2.2"	"http://www.ebi.ac.uk/efo/EFO_0002812"	"mouse embryonic stem cell"	"http://www.ebi.ac.uk/efo/EFO_0004038"	"fresh specimen"	"http://purl.obolibrary.org/obo/OBI_0000971"	"S"		"S"		"S_cell61"	
"ERR580137"	"Mus musculus"	"http://purl.obolibrary.org/obo/NCBITaxon_10090"	"AB2.2"	"http://www.ebi.ac.uk/efo/EFO_0002812"	"mouse embryonic stem cell"	"http://www.ebi.ac.uk/efo/EFO_0004038"	"fresh specimen"	"http://purl.obolibrary.org/obo/OBI_0000971"	"G2/M"		"G2/M"		"G2M_cell44"	
"ERR580138"	"Mus musculus"	"http://purl.obolibrary.org/obo/NCBITaxon_10090"	"AB2.2"	"http://www.ebi.ac.uk/efo/EFO_0002812"	"mouse embryonic stem cell"	"http://www.ebi.ac.uk/efo/EFO_0004038"	"fresh specimen"	"http://purl.obolibrary.org/obo/OBI_0000971"	"S"		"S"		"S_cell73"	
"ERR580139"	"Mus musculus"	"http://purl.obolibrary.org/obo/NCBITaxon_10090"	"AB2.2"	"http://www.ebi.ac.uk/efo/EFO_0002812"	"mouse embryonic stem cell"	"http://www.ebi.ac.uk/efo/EFO_0004038"	"fresh specimen"	"http://purl.obolibrary.org/obo/OBI_0000971"	"G1"		"G1"		"G1_cell51"	
"ERR580140"	"Mus musculus"	"http://purl.obolibrary.org/obo/NCBITaxon_10090"	"AB2.2"	"http://www.ebi.ac.uk/efo/EFO_0002812"	"mouse embryonic stem cell"	"http://www.ebi.ac.uk/efo/EFO_0004038"	"fresh specimen"	"http://purl.obolibrary.org/obo/OBI_0000971"	"G1"		"G1"		"G1_cell60"	
"ERR580141"	"Mus musculus"	"http://purl.obolibrary.org/obo/NCBITaxon_10090"	"AB2.2"	"http://www.ebi.ac.uk/efo/EFO_0002812"	"mouse embryonic stem cell"	"http://www.ebi.ac.uk/efo/EFO_0004038"	"fresh specimen"	"http://purl.obolibrary.org/obo/OBI_0000971"	"G1"		"G1"		"G1_cell93"	
"ERR580142"	"Mus musculus"	"http://purl.obolibrary.org/obo/NCBITaxon_10090"	"AB2.2"	"http://www.ebi.ac.uk/efo/EFO_0002812"	"mouse embryonic stem cell"	"http://www.ebi.ac.uk/efo/EFO_0004038"	"fresh specimen"	"http://purl.obolibrary.org/obo/OBI_0000971"	"G1"		"G1"		"G1_cell17"	
"ERR580143"	"Mus musculus"	"http://purl.obolibrary.org/obo/NCBITaxon_10090"	"AB2.2"	"http://www.ebi.ac.uk/efo/EFO_0002812"	"mouse embryonic stem cell"	"http://www.ebi.ac.uk/efo/EFO_0004038"	"fresh specimen"	"http://purl.obolibrary.org/obo/OBI_0000971"	"G1"		"G1"		"G1_cell30"	
"ERR580144"	"Mus musculus"	"http://purl.obolibrary.org/obo/NCBITaxon_10090"	"AB2.2"	"http://www.ebi.ac.uk/efo/EFO_0002812"	"mouse embryonic stem cell"	"http://www.ebi.ac.uk/efo/EFO_0004038"	"fresh specimen"	"http://purl.obolibrary.org/obo/OBI_0000971"	"G1"		"G1"		"G1_cell75"	
"ERR580145"	"Mus musculus"	"http://purl.obolibrary.org/obo/NCBITaxon_10090"	"AB2.2"	"http://www.ebi.ac.uk/efo/EFO_0002812"	"mouse embryonic stem cell"	"http://www.ebi.ac.uk/efo/EFO_0004038"	"fresh specimen"	"http://purl.obolibrary.org/obo/OBI_0000971"	"G1"		"G1"		"G1_cell63"	
"ERR580146"	"Mus musculus"	"http://purl.obolibrary.org/obo/NCBITaxon_10090"	"AB2.2"	"http://www.ebi.ac.uk/efo/EFO_0002812"	"mouse embryonic stem cell"	"http://www.ebi.ac.uk/efo/EFO_0004038"	"fresh specimen"	"http://purl.obolibrary.org/obo/OBI_0000971"	"S"		"S"		"S_cell81"	
"ERR580147"	"Mus musculus"	"http://purl.obolibrary.org/obo/NCBITaxon_10090"	"AB2.2"	"http://www.ebi.ac.uk/efo/EFO_0002812"	"mouse embryonic stem cell"	"http://www.ebi.ac.uk/efo/EFO_0004038"	"fresh specimen"	"http://purl.obolibrary.org/obo/OBI_0000971"	"G1"		"G1"		"G1_cell95"	
"ERR580148"	"Mus musculus"	"http://purl.obolibrary.org/obo/NCBITaxon_10090"	"AB2.2"	"http://www.ebi.ac.uk/efo/EFO_0002812"	"mouse embryonic stem cell"	"http://www.ebi.ac.uk/efo/EFO_0004038"	"fresh specimen"	"http://purl.obolibrary.org/obo/OBI_0000971"	"G1"		"G1"		"G1_cell86"	
"ERR580149"	"Mus musculus"	"http://purl.obolibrary.org/obo/NCBITaxon_10090"	"AB2.2"	"http://www.ebi.ac.uk/efo/EFO_0002812"	"mouse embryonic stem cell"	"http://www.ebi.ac.uk/efo/EFO_0004038"	"fresh specimen"	"http://purl.obolibrary.org/obo/OBI_0000971"	"G2/M"		"G2/M"		"G2M_cell49"	
"ERR580150"	"Mus musculus"	"http://purl.obolibrary.org/obo/NCBITaxon_10090"	"AB2.2"	"http://www.ebi.ac.uk/efo/EFO_0002812"	"mouse embryonic stem cell"	"http://www.ebi.ac.uk/efo/EFO_0004038"	"fresh specimen"	"http://purl.obolibrary.org/obo/OBI_0000971"	"S"		"S"		"S_cell82"	
"ERR580151"	"Mus musculus"	"http://purl.obolibrary.org/obo/NCBITaxon_10090"	"AB2.2"	"http://www.ebi.ac.uk/efo/EFO_0002812"	"mouse embryonic stem cell"	"http://www.ebi.ac.uk/efo/EFO_0004038"	"fresh specimen"	"http://purl.obolibrary.org/obo/OBI_0000971"	"S"		"S"		"S_cell77"	
"ERR580152"	"Mus musculus"	"http://purl.obolibrary.org/obo/NCBITaxon_10090"	"AB2.2"	"http://www.ebi.ac.uk/efo/EFO_0002812"	"mouse embryonic stem cell"	"http://www.ebi.ac.uk/efo/EFO_0004038"	"fresh specimen"	"http://purl.obolibrary.org/obo/OBI_0000971"	"G1"		"G1"		"G1_cell35"	
"ERR580153"	"Mus musculus"	"http://purl.obolibrary.org/obo/NCBITaxon_10090"	"AB2.2"	"http://www.ebi.ac.uk/efo/EFO_0002812"	"mouse embryonic stem cell"	"http://www.ebi.ac.uk/efo/EFO_0004038"	"fresh specimen"	"http://purl.obolibrary.org/obo/OBI_0000971"	"S"		"S"		"S_cell79"	
"ERR580154"	"Mus musculus"	"http://purl.obolibrary.org/obo/NCBITaxon_10090"	"AB2.2"	"http://www.ebi.ac.uk/efo/EFO_0002812"	"mouse embryonic stem cell"	"http://www.ebi.ac.uk/efo/EFO_0004038"	"fresh specimen"	"http://purl.obolibrary.org/obo/OBI_0000971"	"G2/M"		"G2/M"		"G2M_cell83"	
"ERR580155"	"Mus musculus"	"http://purl.obolibrary.org/obo/NCBITaxon_10090"	"AB2.2"	"http://www.ebi.ac.uk/efo/EFO_0002812"	"mouse embryonic stem cell"	"http://www.ebi.ac.uk/efo/EFO_0004038"	"fresh specimen"	"http://purl.obolibrary.org/obo/OBI_0000971"	"G2/M"		"G2/M"		"G2M_cell4"	
"ERR580156"	"Mus musculus"	"http://purl.obolibrary.org/obo/NCBITaxon_10090"	"AB2.2"	"http://www.ebi.ac.uk/efo/EFO_0002812"	"mouse embryonic stem cell"	"http://www.ebi.ac.uk/efo/EFO_0004038"	"fresh specimen"	"http://purl.obolibrary.org/obo/OBI_0000971"	"S"		"S"		"S_cell57"	
"ERR580157"	"Mus musculus"	"http://purl.obolibrary.org/obo/NCBITaxon_10090"	"AB2.2"	"http://www.ebi.ac.uk/efo/EFO_0002812"	"mouse embryonic stem cell"	"http://www.ebi.ac.uk/efo/EFO_0004038"	"fresh specimen"	"http://purl.obolibrary.org/obo/OBI_0000971"	"G1"		"G1"		"G1_cell1"	
"ERR580158"	"Mus musculus"	"http://purl.obolibrary.org/obo/NCBITaxon_10090"	"AB2.2"	"http://www.ebi.ac.uk/efo/EFO_0002812"	"mouse embryonic stem cell"	"http://www.ebi.ac.uk/efo/EFO_0004038"	"fresh specimen"	"http://purl.obolibrary.org/obo/OBI_0000971"	"G2/M"		"G2/M"		"G2M_cell62"	
"ERR580159"	"Mus musculus"	"http://purl.obolibrary.org/obo/NCBITaxon_10090"	"AB2.2"	"http://www.ebi.ac.uk/efo/EFO_0002812"	"mouse embryonic stem cell"	"http://www.ebi.ac.uk/efo/EFO_0004038"	"fresh specimen"	"http://purl.obolibrary.org/obo/OBI_0000971"	"S"		"S"		"S_cell67"	
"ERR580160"	"Mus musculus"	"http://purl.obolibrary.org/obo/NCBITaxon_10090"	"AB2.2"	"http://www.ebi.ac.uk/efo/EFO_0002812"	"mouse embryonic stem cell"	"http://www.ebi.ac.uk/efo/EFO_0004038"	"fresh specimen"	"http://purl.obolibrary.org/obo/OBI_0000971"	"S"		"S"		"S_cell7"	
"ERR580161"	"Mus musculus"	"http://purl.obolibrary.org/obo/NCBITaxon_10090"	"AB2.2"	"http://www.ebi.ac.uk/efo/EFO_0002812"	"mouse embryonic stem cell"	"http://www.ebi.ac.uk/efo/EFO_0004038"	"fresh specimen"	"http://purl.obolibrary.org/obo/OBI_0000971"	"G1"		"G1"		"G1_cell61"	
"ERR580162"	"Mus musculus"	"http://purl.obolibrary.org/obo/NCBITaxon_10090"	"AB2.2"	"http://www.ebi.ac.uk/efo/EFO_0002812"	"mouse embryonic stem cell"	"http://www.ebi.ac.uk/efo/EFO_0004038"	"fresh specimen"	"http://purl.obolibrary.org/obo/OBI_0000971"	"G1"		"G1"		"G1_cell36"	
"ERR580163"	"Mus musculus"	"http://purl.obolibrary.org/obo/NCBITaxon_10090"	"AB2.2"	"http://www.ebi.ac.uk/efo/EFO_0002812"	"mouse embryonic stem cell"	"http://www.ebi.ac.uk/efo/EFO_0004038"	"fresh specimen"	"http://purl.obolibrary.org/obo/OBI_0000971"	"S"		"S"		"S_cell33"	
"ERR580164"	"Mus musculus"	"http://purl.obolibrary.org/obo/NCBITaxon_10090"	"AB2.2"	"http://www.ebi.ac.uk/efo/EFO_0002812"	"mouse embryonic stem cell"	"http://www.ebi.ac.uk/efo/EFO_0004038"	"fresh specimen"	"http://purl.obolibrary.org/obo/OBI_0000971"	"G1"		"G1"		"G1_cell40"	
"ERR580165"	"Mus musculus"	"http://purl.obolibrary.org/obo/NCBITaxon_10090"	"AB2.2"	"http://www.ebi.ac.uk/efo/EFO_0002812"	"mouse embryonic stem cell"	"http://www.ebi.ac.uk/efo/EFO_0004038"	"fresh specimen"	"http://purl.obolibrary.org/obo/OBI_0000971"	"S"		"S"		"S_cell64"	
"ERR580166"	"Mus musculus"	"http://purl.obolibrary.org/obo/NCBITaxon_10090"	"AB2.2"	"http://www.ebi.ac.uk/efo/EFO_0002812"	"mouse embryonic stem cell"	"http://www.ebi.ac.uk/efo/EFO_0004038"	"fresh specimen"	"http://purl.obolibrary.org/obo/OBI_0000971"	"G1"		"G1"		"G1_cell81"	
"ERR580167"	"Mus musculus"	"http://purl.obolibrary.org/obo/NCBITaxon_10090"	"AB2.2"	"http://www.ebi.ac.uk/efo/EFO_0002812"	"mouse embryonic stem cell"	"http://www.ebi.ac.uk/efo/EFO_0004038"	"fresh specimen"	"http://purl.obolibrary.org/obo/OBI_0000971"	"S"		"S"		"S_cell19"	
"ERR580168"	"Mus musculus"	"http://purl.obolibrary.org/obo/NCBITaxon_10090"	"AB2.2"	"http://www.ebi.ac.uk/efo/EFO_0002812"	"mouse embryonic stem cell"	"http://www.ebi.ac.uk/efo/EFO_0004038"	"fresh specimen"	"http://purl.obolibrary.org/obo/OBI_0000971"	"G2/M"		"G2/M"		"G2M_cell51"	
"ERR580169"	"Mus musculus"	"http://purl.obolibrary.org/obo/NCBITaxon_10090"	"AB2.2"	"http://www.ebi.ac.uk/efo/EFO_0002812"	"mouse embryonic stem cell"	"http://www.ebi.ac.uk/efo/EFO_0004038"	"fresh specimen"	"http://purl.obolibrary.org/obo/OBI_0000971"	"S"		"S"		"S_cell17"	
"ERR580170"	"Mus musculus"	"http://purl.obolibrary.org/obo/NCBITaxon_10090"	"AB2.2"	"http://www.ebi.ac.uk/efo/EFO_0002812"	"mouse embryonic stem cell"	"http://www.ebi.ac.uk/efo/EFO_0004038"	"fresh specimen"	"http://purl.obolibrary.org/obo/OBI_0000971"	"S"		"S"		"S_cell59"	
"ERR580171"	"Mus musculus"	"http://purl.obolibrary.org/obo/NCBITaxon_10090"	"AB2.2"	"http://www.ebi.ac.uk/efo/EFO_0002812"	"mouse embryonic stem cell"	"http://www.ebi.ac.uk/efo/EFO_0004038"	"fresh specimen"	"http://purl.obolibrary.org/obo/OBI_0000971"	"G1"		"G1"		"G1_cell96"	
"ERR580172"	"Mus musculus"	"http://purl.obolibrary.org/obo/NCBITaxon_10090"	"AB2.2"	"http://www.ebi.ac.uk/efo/EFO_0002812"	"mouse embryonic stem cell"	"http://www.ebi.ac.uk/efo/EFO_0004038"	"fresh specimen"	"http://purl.obolibrary.org/obo/OBI_0000971"	"S"		"S"		"S_cell90"	
"ERR580173"	"Mus musculus"	"http://purl.obolibrary.org/obo/NCBITaxon_10090"	"AB2.2"	"http://www.ebi.ac.uk/efo/EFO_0002812"	"mouse embryonic stem cell"	"http://www.ebi.ac.uk/efo/EFO_0004038"	"fresh specimen"	"http://purl.obolibrary.org/obo/OBI_0000971"	"S"		"S"		"S_cell4"	
"ERR580174"	"Mus musculus"	"http://purl.obolibrary.org/obo/NCBITaxon_10090"	"AB2.2"	"http://www.ebi.ac.uk/efo/EFO_0002812"	"mouse embryonic stem cell"	"http://www.ebi.ac.uk/efo/EFO_0004038"	"fresh specimen"	"http://purl.obolibrary.org/obo/OBI_0000971"	"G2/M"		"G2/M"		"G2M_cell22"	
"ERR580175"	"Mus musculus"	"http://purl.obolibrary.org/obo/NCBITaxon_10090"	"AB2.2"	"http://www.ebi.ac.uk/efo/EFO_0002812"	"mouse embryonic stem cell"	"http://www.ebi.ac.uk/efo/EFO_0004038"	"fresh specimen"	"http://purl.obolibrary.org/obo/OBI_0000971"	"G1"		"G1"		"G1_cell15"	
"ERR580176"	"Mus musculus"	"http://purl.obolibrary.org/obo/NCBITaxon_10090"	"AB2.2"	"http://www.ebi.ac.uk/efo/EFO_0002812"	"mouse embryonic stem cell"	"http://www.ebi.ac.uk/efo/EFO_0004038"	"fresh specimen"	"http://purl.obolibrary.org/obo/OBI_0000971"	"S"		"S"		"S_cell2"	
"ERR580177"	"Mus musculus"	"http://purl.obolibrary.org/obo/NCBITaxon_10090"	"AB2.2"	"http://www.ebi.ac.uk/efo/EFO_0002812"	"mouse embryonic stem cell"	"http://www.ebi.ac.uk/efo/EFO_0004038"	"fresh specimen"	"http://purl.obolibrary.org/obo/OBI_0000971"	"G1"		"G1"		"G1_cell92"	
"ERR580178"	"Mus musculus"	"http://purl.obolibrary.org/obo/NCBITaxon_10090"	"AB2.2"	"http://www.ebi.ac.uk/efo/EFO_0002812"	"mouse embryonic stem cell"	"http://www.ebi.ac.uk/efo/EFO_0004038"	"fresh specimen"	"http://purl.obolibrary.org/obo/OBI_0000971"	"S"		"S"		"S_cell45"	
"ERR580179"	"Mus musculus"	"http://purl.obolibrary.org/obo/NCBITaxon_10090"	"AB2.2"	"http://www.ebi.ac.uk/efo/EFO_0002812"	"mouse embryonic stem cell"	"http://www.ebi.ac.uk/efo/EFO_0004038"	"fresh specimen"	"http://purl.obolibrary.org/obo/OBI_0000971"	"S"		"S"		"S_cell93"	
"ERR580180"	"Mus musculus"	"http://purl.obolibrary.org/obo/NCBITaxon_10090"	"AB2.2"	"http://www.ebi.ac.uk/efo/EFO_0002812"	"mouse embryonic stem cell"	"http://www.ebi.ac.uk/efo/EFO_0004038"	"fresh specimen"	"http://purl.obolibrary.org/obo/OBI_0000971"	"G1"		"G1"		"G1_cell4"	
"ERR580181"	"Mus musculus"	"http://purl.obolibrary.org/obo/NCBITaxon_10090"	"AB2.2"	"http://www.ebi.ac.uk/efo/EFO_0002812"	"mouse embryonic stem cell"	"http://www.ebi.ac.uk/efo/EFO_0004038"	"fresh specimen"	"http://purl.obolibrary.org/obo/OBI_0000971"	"G1"		"G1"		"G1_cell25"	
"ERR580182"	"Mus musculus"	"http://purl.obolibrary.org/obo/NCBITaxon_10090"	"AB2.2"	"http://www.ebi.ac.uk/efo/EFO_0002812"	"mouse embryonic stem cell"	"http://www.ebi.ac.uk/efo/EFO_0004038"	"fresh specimen"	"http://purl.obolibrary.org/obo/OBI_0000971"	"G2/M"		"G2/M"		"G2M_cell16"	
"ERR580183"	"Mus musculus"	"http://purl.obolibrary.org/obo/NCBITaxon_10090"	"AB2.2"	"http://www.ebi.ac.uk/efo/EFO_0002812"	"mouse embryonic stem cell"	"http://www.ebi.ac.uk/efo/EFO_0004038"	"fresh specimen"	"http://purl.obolibrary.org/obo/OBI_0000971"	"G2/M"		"G2/M"		"G2M_cell3"	
"ERR580184"	"Mus musculus"	"http://purl.obolibrary.org/obo/NCBITaxon_10090"	"AB2.2"	"http://www.ebi.ac.uk/efo/EFO_0002812"	"mouse embryonic stem cell"	"http://www.ebi.ac.uk/efo/EFO_0004038"	"fresh specimen"	"http://purl.obolibrary.org/obo/OBI_0000971"	"G2/M"		"G2/M"		"G2M_cell84"	
"ERR580185"	"Mus musculus"	"http://purl.obolibrary.org/obo/NCBITaxon_10090"	"AB2.2"	"http://www.ebi.ac.uk/efo/EFO_0002812"	"mouse embryonic stem cell"	"http://www.ebi.ac.uk/efo/EFO_0004038"	"fresh specimen"	"http://purl.obolibrary.org/obo/OBI_0000971"	"S"		"S"		"S_cell65"	
"ERR580186"	"Mus musculus"	"http://purl.obolibrary.org/obo/NCBITaxon_10090"	"AB2.2"	"http://www.ebi.ac.uk/efo/EFO_0002812"	"mouse embryonic stem cell"	"http://www.ebi.ac.uk/efo/EFO_0004038"	"fresh specimen"	"http://purl.obolibrary.org/obo/OBI_0000971"	"G1"		"G1"		"G1_cell45"	
"ERR580187"	"Mus musculus"	"http://purl.obolibrary.org/obo/NCBITaxon_10090"	"AB2.2"	"http://www.ebi.ac.uk/efo/EFO_0002812"	"mouse embryonic stem cell"	"http://www.ebi.ac.uk/efo/EFO_0004038"	"fresh specimen"	"http://purl.obolibrary.org/obo/OBI_0000971"	"G2/M"		"G2/M"		"G2M_cell45"	
"ERR580188"	"Mus musculus"	"http://purl.obolibrary.org/obo/NCBITaxon_10090"	"AB2.2"	"http://www.ebi.ac.uk/efo/EFO_0002812"	"mouse embryonic stem cell"	"http://www.ebi.ac.uk/efo/EFO_0004038"	"fresh specimen"	"http://purl.obolibrary.org/obo/OBI_0000971"	"G1"		"G1"		"G1_cell50"	
"ERR580189"	"Mus musculus"	"http://purl.obolibrary.org/obo/NCBITaxon_10090"	"AB2.2"	"http://www.ebi.ac.uk/efo/EFO_0002812"	"mouse embryonic stem cell"	"http://www.ebi.ac.uk/efo/EFO_0004038"	"fresh specimen"	"http://purl.obolibrary.org/obo/OBI_0000971"	"G2/M"		"G2/M"		"G2M_cell72"	
"ERR580190"	"Mus musculus"	"http://purl.obolibrary.org/obo/NCBITaxon_10090"	"AB2.2"	"http://www.ebi.ac.uk/efo/EFO_0002812"	"mouse embryonic stem cell"	"http://www.ebi.ac.uk/efo/EFO_0004038"	"fresh specimen"	"http://purl.obolibrary.org/obo/OBI_0000971"	"S"		"S"		"S_cell38"	
"ERR580191"	"Mus musculus"	"http://purl.obolibrary.org/obo/NCBITaxon_10090"	"AB2.2"	"http://www.ebi.ac.uk/efo/EFO_0002812"	"mouse embryonic stem cell"	"http://www.ebi.ac.uk/efo/EFO_0004038"	"fresh specimen"	"http://purl.obolibrary.org/obo/OBI_0000971"	"S"		"S"		"S_cell35"	
"ERR580192"	"Mus musculus"	"http://purl.obolibrary.org/obo/NCBITaxon_10090"	"AB2.2"	"http://www.ebi.ac.uk/efo/EFO_0002812"	"mouse embryonic stem cell"	"http://www.ebi.ac.uk/efo/EFO_0004038"	"fresh specimen"	"http://purl.obolibrary.org/obo/OBI_0000971"	"G1"		"G1"		"G1_cell37"	
"ERR580193"	"Mus musculus"	"http://purl.obolibrary.org/obo/NCBITaxon_10090"	"AB2.2"	"http://www.ebi.ac.uk/efo/EFO_0002812"	"mouse embryonic stem cell"	"http://www.ebi.ac.uk/efo/EFO_0004038"	"fresh specimen"	"http://purl.obolibrary.org/obo/OBI_0000971"	"G2/M"		"G2/M"		"G2M_cell59"	
"ERR580194"	"Mus musculus"	"http://purl.obolibrary.org/obo/NCBITaxon_10090"	"AB2.2"	"http://www.ebi.ac.uk/efo/EFO_0002812"	"mouse embryonic stem cell"	"http://www.ebi.ac.uk/efo/EFO_0004038"	"fresh specimen"	"http://purl.obolibrary.org/obo/OBI_0000971"	"S"		"S"		"S_cell72"	
"ERR580195"	"Mus musculus"	"http://purl.obolibrary.org/obo/NCBITaxon_10090"	"AB2.2"	"http://www.ebi.ac.uk/efo/EFO_0002812"	"mouse embryonic stem cell"	"http://www.ebi.ac.uk/efo/EFO_0004038"	"fresh specimen"	"http://purl.obolibrary.org/obo/OBI_0000971"	"G1"		"G1"		"G1_cell21"	
"ERR580196"	"Mus musculus"	"http://purl.obolibrary.org/obo/NCBITaxon_10090"	"AB2.2"	"http://www.ebi.ac.uk/efo/EFO_0002812"	"mouse embryonic stem cell"	"http://www.ebi.ac.uk/efo/EFO_0004038"	"fresh specimen"	"http://purl.obolibrary.org/obo/OBI_0000971"	"G1"		"G1"		"G1_cell44"	
"ERR580197"	"Mus musculus"	"http://purl.obolibrary.org/obo/NCBITaxon_10090"	"AB2.2"	"http://www.ebi.ac.uk/efo/EFO_0002812"	"mouse embryonic stem cell"	"http://www.ebi.ac.uk/efo/EFO_0004038"	"fresh specimen"	"http://purl.obolibrary.org/obo/OBI_0000971"	"S"		"S"		"S_cell62"	
"ERR580198"	"Mus musculus"	"http://purl.obolibrary.org/obo/NCBITaxon_10090"	"AB2.2"	"http://www.ebi.ac.uk/efo/EFO_0002812"	"mouse embryonic stem cell"	"http://www.ebi.ac.uk/efo/EFO_0004038"	"fresh specimen"	"http://purl.obolibrary.org/obo/OBI_0000971"	"G1"		"G1"		"G1_cell52"	
"ERR580199"	"Mus musculus"	"http://purl.obolibrary.org/obo/NCBITaxon_10090"	"AB2.2"	"http://www.ebi.ac.uk/efo/EFO_0002812"	"mouse embryonic stem cell"	"http://www.ebi.ac.uk/efo/EFO_0004038"	"fresh specimen"	"http://purl.obolibrary.org/obo/OBI_0000971"	"S"		"S"		"S_cell71"	
"ERR580200"	"Mus musculus"	"http://purl.obolibrary.org/obo/NCBITaxon_10090"	"AB2.2"	"http://www.ebi.ac.uk/efo/EFO_0002812"	"mouse embryonic stem cell"	"http://www.ebi.ac.uk/efo/EFO_0004038"	"fresh specimen"	"http://purl.obolibrary.org/obo/OBI_0000971"	"S"		"S"		"S_cell53"	
"ERR580201"	"Mus musculus"	"http://purl.obolibrary.org/obo/NCBITaxon_10090"	"AB2.2"	"http://www.ebi.ac.uk/efo/EFO_0002812"	"mouse embryonic stem cell"	"http://www.ebi.ac.uk/efo/EFO_0004038"	"fresh specimen"	"http://purl.obolibrary.org/obo/OBI_0000971"	"G1"		"G1"		"G1_cell64"	
"ERR580202"	"Mus musculus"	"http://purl.obolibrary.org/obo/NCBITaxon_10090"	"AB2.2"	"http://www.ebi.ac.uk/efo/EFO_0002812"	"mouse embryonic stem cell"	"http://www.ebi.ac.uk/efo/EFO_0004038"	"fresh specimen"	"http://purl.obolibrary.org/obo/OBI_0000971"	"G2/M"		"G2/M"		"G2M_cell66"	
"ERR580203"	"Mus musculus"	"http://purl.obolibrary.org/obo/NCBITaxon_10090"	"AB2.2"	"http://www.ebi.ac.uk/efo/EFO_0002812"	"mouse embryonic stem cell"	"http://www.ebi.ac.uk/efo/EFO_0004038"	"fresh specimen"	"http://purl.obolibrary.org/obo/OBI_0000971"	"G1"		"G1"		"G1_cell3"	
"ERR580204"	"Mus musculus"	"http://purl.obolibrary.org/obo/NCBITaxon_10090"	"AB2.2"	"http://www.ebi.ac.uk/efo/EFO_0002812"	"mouse embryonic stem cell"	"http://www.ebi.ac.uk/efo/EFO_0004038"	"fresh specimen"	"http://purl.obolibrary.org/obo/OBI_0000971"	"G2/M"		"G2/M"		"G2M_cell12"	
"ERR580205"	"Mus musculus"	"http://purl.obolibrary.org/obo/NCBITaxon_10090"	"AB2.2"	"http://www.ebi.ac.uk/efo/EFO_0002812"	"mouse embryonic stem cell"	"http://www.ebi.ac.uk/efo/EFO_0004038"	"fresh specimen"	"http://purl.obolibrary.org/obo/OBI_0000971"	"S"		"S"		"S_cell43"	
"ERR580206"	"Mus musculus"	"http://purl.obolibrary.org/obo/NCBITaxon_10090"	"AB2.2"	"http://www.ebi.ac.uk/efo/EFO_0002812"	"mouse embryonic stem cell"	"http://www.ebi.ac.uk/efo/EFO_0004038"	"fresh specimen"	"http://purl.obolibrary.org/obo/OBI_0000971"	"G2/M"		"G2/M"		"G2M_cell50"	
"ERR580207"	"Mus musculus"	"http://purl.obolibrary.org/obo/NCBITaxon_10090"	"AB2.2"	"http://www.ebi.ac.uk/efo/EFO_0002812"	"mouse embryonic stem cell"	"http://www.ebi.ac.uk/efo/EFO_0004038"	"fresh specimen"	"http://purl.obolibrary.org/obo/OBI_0000971"	"G1"		"G1"		"G1_cell7"	
"ERR580208"	"Mus musculus"	"http://purl.obolibrary.org/obo/NCBITaxon_10090"	"AB2.2"	"http://www.ebi.ac.uk/efo/EFO_0002812"	"mouse embryonic stem cell"	"http://www.ebi.ac.uk/efo/EFO_0004038"	"fresh specimen"	"http://purl.obolibrary.org/obo/OBI_0000971"	"G2/M"		"G2/M"		"G2M_cell10"	
"ERR580209"	"Mus musculus"	"http://purl.obolibrary.org/obo/NCBITaxon_10090"	"AB2.2"	"http://www.ebi.ac.uk/efo/EFO_0002812"	"mouse embryonic stem cell"	"http://www.ebi.ac.uk/efo/EFO_0004038"	"fresh specimen"	"http://purl.obolibrary.org/obo/OBI_0000971"	"G2/M"		"G2/M"		"G2M_cell54"	
"ERR580210"	"Mus musculus"	"http://purl.obolibrary.org/obo/NCBITaxon_10090"	"AB2.2"	"http://www.ebi.ac.uk/efo/EFO_0002812"	"mouse embryonic stem cell"	"http://www.ebi.ac.uk/efo/EFO_0004038"	"fresh specimen"	"http://purl.obolibrary.org/obo/OBI_0000971"	"G1"		"G1"		"G1_cell84"	
"ERR580211"	"Mus musculus"	"http://purl.obolibrary.org/obo/NCBITaxon_10090"	"AB2.2"	"http://www.ebi.ac.uk/efo/EFO_0002812"	"mouse embryonic stem cell"	"http://www.ebi.ac.uk/efo/EFO_0004038"	"fresh specimen"	"http://purl.obolibrary.org/obo/OBI_0000971"	"S"		"S"		"S_cell22"	
"ERR580212"	"Mus musculus"	"http://purl.obolibrary.org/obo/NCBITaxon_10090"	"AB2.2"	"http://www.ebi.ac.uk/efo/EFO_0002812"	"mouse embryonic stem cell"	"http://www.ebi.ac.uk/efo/EFO_0004038"	"fresh specimen"	"http://purl.obolibrary.org/obo/OBI_0000971"	"S"		"S"		"S_cell20"	
"ERR580213"	"Mus musculus"	"http://purl.obolibrary.org/obo/NCBITaxon_10090"	"AB2.2"	"http://www.ebi.ac.uk/efo/EFO_0002812"	"mouse embryonic stem cell"	"http://www.ebi.ac.uk/efo/EFO_0004038"	"fresh specimen"	"http://purl.obolibrary.org/obo/OBI_0000971"	"G2/M"		"G2/M"		"G2M_cell71"	
"ERR580214"	"Mus musculus"	"http://purl.obolibrary.org/obo/NCBITaxon_10090"	"AB2.2"	"http://www.ebi.ac.uk/efo/EFO_0002812"	"mouse embryonic stem cell"	"http://www.ebi.ac.uk/efo/EFO_0004038"	"fresh specimen"	"http://purl.obolibrary.org/obo/OBI_0000971"	"G1"		"G1"		"G1_cell46"	
"ERR580215"	"Mus musculus"	"http://purl.obolibrary.org/obo/NCBITaxon_10090"	"AB2.2"	"http://www.ebi.ac.uk/efo/EFO_0002812"	"mouse embryonic stem cell"	"http://www.ebi.ac.uk/efo/EFO_0004038"	"fresh specimen"	"http://purl.obolibrary.org/obo/OBI_0000971"	"G1"		"G1"		"G1_cell11"	
"ERR580216"	"Mus musculus"	"http://purl.obolibrary.org/obo/NCBITaxon_10090"	"AB2.2"	"http://www.ebi.ac.uk/efo/EFO_0002812"	"mouse embryonic stem cell"	"http://www.ebi.ac.uk/efo/EFO_0004038"	"fresh specimen"	"http://purl.obolibrary.org/obo/OBI_0000971"	"G1"		"G1"		"G1_cell82"	
"ERR580217"	"Mus musculus"	"http://purl.obolibrary.org/obo/NCBITaxon_10090"	"AB2.2"	"http://www.ebi.ac.uk/efo/EFO_0002812"	"mouse embryonic stem cell"	"http://www.ebi.ac.uk/efo/EFO_0004038"	"fresh specimen"	"http://purl.obolibrary.org/obo/OBI_0000971"	"S"		"S"		"S_cell14"	
"ERR580218"	"Mus musculus"	"http://purl.obolibrary.org/obo/NCBITaxon_10090"	"AB2.2"	"http://www.ebi.ac.uk/efo/EFO_0002812"	"mouse embryonic stem cell"	"http://www.ebi.ac.uk/efo/EFO_0004038"	"fresh specimen"	"http://purl.obolibrary.org/obo/OBI_0000971"	"G1"		"G1"		"G1_cell70"	
"ERR580219"	"Mus musculus"	"http://purl.obolibrary.org/obo/NCBITaxon_10090"	"AB2.2"	"http://www.ebi.ac.uk/efo/EFO_0002812"	"mouse embryonic stem cell"	"http://www.ebi.ac.uk/efo/EFO_0004038"	"fresh specimen"	"http://purl.obolibrary.org/obo/OBI_0000971"	"G1"		"G1"		"G1_cell58"	
"ERR580220"	"Mus musculus"	"http://purl.obolibrary.org/obo/NCBITaxon_10090"	"AB2.2"	"http://www.ebi.ac.uk/efo/EFO_0002812"	"mouse embryonic stem cell"	"http://www.ebi.ac.uk/efo/EFO_0004038"	"fresh specimen"	"http://purl.obolibrary.org/obo/OBI_0000971"	"G2/M"		"G2/M"		"G2M_cell38"	
"ERR580221"	"Mus musculus"	"http://purl.obolibrary.org/obo/NCBITaxon_10090"	"AB2.2"	"http://www.ebi.ac.uk/efo/EFO_0002812"	"mouse embryonic stem cell"	"http://www.ebi.ac.uk/efo/EFO_0004038"	"fresh specimen"	"http://purl.obolibrary.org/obo/OBI_0000971"	"G1"		"G1"		"G1_cell54"	
"ERR580222"	"Mus musculus"	"http://purl.obolibrary.org/obo/NCBITaxon_10090"	"AB2.2"	"http://www.ebi.ac.uk/efo/EFO_0002812"	"mouse embryonic stem cell"	"http://www.ebi.ac.uk/efo/EFO_0004038"	"fresh specimen"	"http://purl.obolibrary.org/obo/OBI_0000971"	"S"		"S"		"S_cell30"	
"ERR580223"	"Mus musculus"	"http://purl.obolibrary.org/obo/NCBITaxon_10090"	"AB2.2"	"http://www.ebi.ac.uk/efo/EFO_0002812"	"mouse embryonic stem cell"	"http://www.ebi.ac.uk/efo/EFO_0004038"	"fresh specimen"	"http://purl.obolibrary.org/obo/OBI_0000971"	"G2/M"		"G2/M"		"G2M_cell15"	
"ERR580224"	"Mus musculus"	"http://purl.obolibrary.org/obo/NCBITaxon_10090"	"AB2.2"	"http://www.ebi.ac.uk/efo/EFO_0002812"	"mouse embryonic stem cell"	"http://www.ebi.ac.uk/efo/EFO_0004038"	"fresh specimen"	"http://purl.obolibrary.org/obo/OBI_0000971"	"G2/M"		"G2/M"		"G2M_cell75"	
"ERR580225"	"Mus musculus"	"http://purl.obolibrary.org/obo/NCBITaxon_10090"	"AB2.2"	"http://www.ebi.ac.uk/efo/EFO_0002812"	"mouse embryonic stem cell"	"http://www.ebi.ac.uk/efo/EFO_0004038"	"fresh specimen"	"http://purl.obolibrary.org/obo/OBI_0000971"	"G2/M"		"G2/M"		"G2M_cell36"	
"ERR580226"	"Mus musculus"	"http://purl.obolibrary.org/obo/NCBITaxon_10090"	"AB2.2"	"http://www.ebi.ac.uk/efo/EFO_0002812"	"mouse embryonic stem cell"	"http://www.ebi.ac.uk/efo/EFO_0004038"	"fresh specimen"	"http://purl.obolibrary.org/obo/OBI_0000971"	"G1"		"G1"		"G1_cell59"	
"ERR580227"	"Mus musculus"	"http://purl.obolibrary.org/obo/NCBITaxon_10090"	"AB2.2"	"http://www.ebi.ac.uk/efo/EFO_0002812"	"mouse embryonic stem cell"	"http://www.ebi.ac.uk/efo/EFO_0004038"	"fresh specimen"	"http://purl.obolibrary.org/obo/OBI_0000971"	"G2/M"		"G2/M"		"G2M_cell19"	
"ERR580228"	"Mus musculus"	"http://purl.obolibrary.org/obo/NCBITaxon_10090"	"AB2.2"	"http://www.ebi.ac.uk/efo/EFO_0002812"	"mouse embryonic stem cell"	"http://www.ebi.ac.uk/efo/EFO_0004038"	"fresh specimen"	"http://purl.obolibrary.org/obo/OBI_0000971"	"S"		"S"		"S_cell21"	
"ERR580229"	"Mus musculus"	"http://purl.obolibrary.org/obo/NCBITaxon_10090"	"AB2.2"	"http://www.ebi.ac.uk/efo/EFO_0002812"	"mouse embryonic stem cell"	"http://www.ebi.ac.uk/efo/EFO_0004038"	"fresh specimen"	"http://purl.obolibrary.org/obo/OBI_0000971"	"G2/M"		"G2/M"		"G2M_cell33"	
"ERR580230"	"Mus musculus"	"http://purl.obolibrary.org/obo/NCBITaxon_10090"	"AB2.2"	"http://www.ebi.ac.uk/efo/EFO_0002812"	"mouse embryonic stem cell"	"http://www.ebi.ac.uk/efo/EFO_0004038"	"fresh specimen"	"http://purl.obolibrary.org/obo/OBI_0000971"	"G1"		"G1"		"G1_cell28"	
"ERR580231"	"Mus musculus"	"http://purl.obolibrary.org/obo/NCBITaxon_10090"	"AB2.2"	"http://www.ebi.ac.uk/efo/EFO_0002812"	"mouse embryonic stem cell"	"http://www.ebi.ac.uk/efo/EFO_0004038"	"fresh specimen"	"http://purl.obolibrary.org/obo/OBI_0000971"	"G2/M"		"G2/M"		"G2M_cell6"	
"ERR580232"	"Mus musculus"	"http://purl.obolibrary.org/obo/NCBITaxon_10090"	"AB2.2"	"http://www.ebi.ac.uk/efo/EFO_0002812"	"mouse embryonic stem cell"	"http://www.ebi.ac.uk/efo/EFO_0004038"	"fresh specimen"	"http://purl.obolibrary.org/obo/OBI_0000971"	"S"		"S"		"S_cell83"	
"ERR580233"	"Mus musculus"	"http://purl.obolibrary.org/obo/NCBITaxon_10090"	"AB2.2"	"http://www.ebi.ac.uk/efo/EFO_0002812"	"mouse embryonic stem cell"	"http://www.ebi.ac.uk/efo/EFO_0004038"	"fresh specimen"	"http://purl.obolibrary.org/obo/OBI_0000971"	"G1"		"G1"		"G1_cell76"	
"ERR580234"	"Mus musculus"	"http://purl.obolibrary.org/obo/NCBITaxon_10090"	"AB2.2"	"http://www.ebi.ac.uk/efo/EFO_0002812"	"mouse embryonic stem cell"	"http://www.ebi.ac.uk/efo/EFO_0004038"	"fresh specimen"	"http://purl.obolibrary.org/obo/OBI_0000971"	"G2/M"		"G2/M"		"G2M_cell91"	
"ERR580235"	"Mus musculus"	"http://purl.obolibrary.org/obo/NCBITaxon_10090"	"AB2.2"	"http://www.ebi.ac.uk/efo/EFO_0002812"	"mouse embryonic stem cell"	"http://www.ebi.ac.uk/efo/EFO_0004038"	"fresh specimen"	"http://purl.obolibrary.org/obo/OBI_0000971"	"S"		"S"		"S_cell10"	
"ERR580236"	"Mus musculus"	"http://purl.obolibrary.org/obo/NCBITaxon_10090"	"AB2.2"	"http://www.ebi.ac.uk/efo/EFO_0002812"	"mouse embryonic stem cell"	"http://www.ebi.ac.uk/efo/EFO_0004038"	"fresh specimen"	"http://purl.obolibrary.org/obo/OBI_0000971"	"S"		"S"		"S_cell94"	
"ERR580237"	"Mus musculus"	"http://purl.obolibrary.org/obo/NCBITaxon_10090"	"AB2.2"	"http://www.ebi.ac.uk/efo/EFO_0002812"	"mouse embryonic stem cell"	"http://www.ebi.ac.uk/efo/EFO_0004038"	"fresh specimen"	"http://purl.obolibrary.org/obo/OBI_0000971"	"S"		"S"		"S_cell27"	
"ERR580238"	"Mus musculus"	"http://purl.obolibrary.org/obo/NCBITaxon_10090"	"AB2.2"	"http://www.ebi.ac.uk/efo/EFO_0002812"	"mouse embryonic stem cell"	"http://www.ebi.ac.uk/efo/EFO_0004038"	"fresh specimen"	"http://purl.obolibrary.org/obo/OBI_0000971"	"G2/M"		"G2/M"		"G2M_cell32"	
"ERR580239"	"Mus musculus"	"http://purl.obolibrary.org/obo/NCBITaxon_10090"	"AB2.2"	"http://www.ebi.ac.uk/efo/EFO_0002812"	"mouse embryonic stem cell"	"http://www.ebi.ac.uk/efo/EFO_0004038"	"fresh specimen"	"http://purl.obolibrary.org/obo/OBI_0000971"	"S"		"S"		"S_cell32"	
"ERR580240"	"Mus musculus"	"http://purl.obolibrary.org/obo/NCBITaxon_10090"	"AB2.2"	"http://www.ebi.ac.uk/efo/EFO_0002812"	"mouse embryonic stem cell"	"http://www.ebi.ac.uk/efo/EFO_0004038"	"fresh specimen"	"http://purl.obolibrary.org/obo/OBI_0000971"	"G1"		"G1"		"G1_cell69"	
"ERR580241"	"Mus musculus"	"http://purl.obolibrary.org/obo/NCBITaxon_10090"	"AB2.2"	"http://www.ebi.ac.uk/efo/EFO_0002812"	"mouse embryonic stem cell"	"http://www.ebi.ac.uk/efo/EFO_0004038"	"fresh specimen"	"http://purl.obolibrary.org/obo/OBI_0000971"	"S"		"S"		"S_cell63"	
"ERR580242"	"Mus musculus"	"http://purl.obolibrary.org/obo/NCBITaxon_10090"	"AB2.2"	"http://www.ebi.ac.uk/efo/EFO_0002812"	"mouse embryonic stem cell"	"http://www.ebi.ac.uk/efo/EFO_0004038"	"fresh specimen"	"http://purl.obolibrary.org/obo/OBI_0000971"	"S"		"S"		"S_cell80"	
"ERR580243"	"Mus musculus"	"http://purl.obolibrary.org/obo/NCBITaxon_10090"	"AB2.2"	"http://www.ebi.ac.uk/efo/EFO_0002812"	"mouse embryonic stem cell"	"http://www.ebi.ac.uk/efo/EFO_0004038"	"fresh specimen"	"http://purl.obolibrary.org/obo/OBI_0000971"	"S"		"S"		"S_cell47"	
"ERR580244"	"Mus musculus"	"http://purl.obolibrary.org/obo/NCBITaxon_10090"	"AB2.2"	"http://www.ebi.ac.uk/efo/EFO_0002812"	"mouse embryonic stem cell"	"http://www.ebi.ac.uk/efo/EFO_0004038"	"fresh specimen"	"http://purl.obolibrary.org/obo/OBI_0000971"	"S"		"S"		"S_cell46"	
"ERR580245"	"Mus musculus"	"http://purl.obolibrary.org/obo/NCBITaxon_10090"	"AB2.2"	"http://www.ebi.ac.uk/efo/EFO_0002812"	"mouse embryonic stem cell"	"http://www.ebi.ac.uk/efo/EFO_0004038"	"fresh specimen"	"http://purl.obolibrary.org/obo/OBI_0000971"	"G1"		"G1"		"G1_cell91"	
"ERR580246"	"Mus musculus"	"http://purl.obolibrary.org/obo/NCBITaxon_10090"	"AB2.2"	"http://www.ebi.ac.uk/efo/EFO_0002812"	"mouse embryonic stem cell"	"http://www.ebi.ac.uk/efo/EFO_0004038"	"fresh specimen"	"http://purl.obolibrary.org/obo/OBI_0000971"	"G2/M"		"G2/M"		"G2M_cell27"	
"ERR580247"	"Mus musculus"	"http://purl.obolibrary.org/obo/NCBITaxon_10090"	"AB2.2"	"http://www.ebi.ac.uk/efo/EFO_0002812"	"mouse embryonic stem cell"	"http://www.ebi.ac.uk/efo/EFO_0004038"	"fresh specimen"	"http://purl.obolibrary.org/obo/OBI_0000971"	"G2/M"		"G2/M"		"G2M_cell74"	
"ERR580248"	"Mus musculus"	"http://purl.obolibrary.org/obo/NCBITaxon_10090"	"AB2.2"	"http://www.ebi.ac.uk/efo/EFO_0002812"	"mouse embryonic stem cell"	"http://www.ebi.ac.uk/efo/EFO_0004038"	"fresh specimen"	"http://purl.obolibrary.org/obo/OBI_0000971"	"S"		"S"		"S_cell29"	
"ERR580249"	"Mus musculus"	"http://purl.obolibrary.org/obo/NCBITaxon_10090"	"AB2.2"	"http://www.ebi.ac.uk/efo/EFO_0002812"	"mouse embryonic stem cell"	"http://www.ebi.ac.uk/efo/EFO_0004038"	"fresh specimen"	"http://purl.obolibrary.org/obo/OBI_0000971"	"G2/M"		"G2/M"		"G2M_cell26"	
"ERR580250"	"Mus musculus"	"http://purl.obolibrary.org/obo/NCBITaxon_10090"	"AB2.2"	"http://www.ebi.ac.uk/efo/EFO_0002812"	"mouse embryonic stem cell"	"http://www.ebi.ac.uk/efo/EFO_0004038"	"fresh specimen"	"http://purl.obolibrary.org/obo/OBI_0000971"	"S"		"S"		"S_cell24"	
"ERR580251"	"Mus musculus"	"http://purl.obolibrary.org/obo/NCBITaxon_10090"	"AB2.2"	"http://www.ebi.ac.uk/efo/EFO_0002812"	"mouse embryonic stem cell"	"http://www.ebi.ac.uk/efo/EFO_0004038"	"fresh specimen"	"http://purl.obolibrary.org/obo/OBI_0000971"	"S"		"S"		"S_cell26"	
"ERR580252"	"Mus musculus"	"http://purl.obolibrary.org/obo/NCBITaxon_10090"	"AB2.2"	"http://www.ebi.ac.uk/efo/EFO_0002812"	"mouse embryonic stem cell"	"http://www.ebi.ac.uk/efo/EFO_0004038"	"fresh specimen"	"http://purl.obolibrary.org/obo/OBI_0000971"	"S"		"S"		"S_cell96"	
"ERR580253"	"Mus musculus"	"http://purl.obolibrary.org/obo/NCBITaxon_10090"	"AB2.2"	"http://www.ebi.ac.uk/efo/EFO_0002812"	"mouse embryonic stem cell"	"http://www.ebi.ac.uk/efo/EFO_0004038"	"fresh specimen"	"http://purl.obolibrary.org/obo/OBI_0000971"	"G2/M"		"G2/M"		"G2M_cell13"	
"ERR580254"	"Mus musculus"	"http://purl.obolibrary.org/obo/NCBITaxon_10090"	"AB2.2"	"http://www.ebi.ac.uk/efo/EFO_0002812"	"mouse embryonic stem cell"	"http://www.ebi.ac.uk/efo/EFO_0004038"	"fresh specimen"	"http://purl.obolibrary.org/obo/OBI_0000971"	"G2/M"		"G2/M"		"G2M_cell7"	
"ERR580255"	"Mus musculus"	"http://purl.obolibrary.org/obo/NCBITaxon_10090"	"AB2.2"	"http://www.ebi.ac.uk/efo/EFO_0002812"	"mouse embryonic stem cell"	"http://www.ebi.ac.uk/efo/EFO_0004038"	"fresh specimen"	"http://purl.obolibrary.org/obo/OBI_0000971"	"S"		"S"		"S_cell15"	
"ERR580256"	"Mus musculus"	"http://purl.obolibrary.org/obo/NCBITaxon_10090"	"AB2.2"	"http://www.ebi.ac.uk/efo/EFO_0002812"	"mouse embryonic stem cell"	"http://www.ebi.ac.uk/efo/EFO_0004038"	"fresh specimen"	"http://purl.obolibrary.org/obo/OBI_0000971"	"G2/M"		"G2/M"		"G2M_cell67"	
"ERR580257"	"Mus musculus"	"http://purl.obolibrary.org/obo/NCBITaxon_10090"	"AB2.2"	"http://www.ebi.ac.uk/efo/EFO_0002812"	"mouse embryonic stem cell"	"http://www.ebi.ac.uk/efo/EFO_0004038"	"fresh specimen"	"http://purl.obolibrary.org/obo/OBI_0000971"	"S"		"S"		"S_cell51"	
"ERR580258"	"Mus musculus"	"http://purl.obolibrary.org/obo/NCBITaxon_10090"	"AB2.2"	"http://www.ebi.ac.uk/efo/EFO_0002812"	"mouse embryonic stem cell"	"http://www.ebi.ac.uk/efo/EFO_0004038"	"fresh specimen"	"http://purl.obolibrary.org/obo/OBI_0000971"	"G1"		"G1"		"G1_cell12"	
"ERR580259"	"Mus musculus"	"http://purl.obolibrary.org/obo/NCBITaxon_10090"	"AB2.2"	"http://www.ebi.ac.uk/efo/EFO_0002812"	"mouse embryonic stem cell"	"http://www.ebi.ac.uk/efo/EFO_0004038"	"fresh specimen"	"http://purl.obolibrary.org/obo/OBI_0000971"	"G1"		"G1"		"G1_cell87"	
"ERR580260"	"Mus musculus"	"http://purl.obolibrary.org/obo/NCBITaxon_10090"	"AB2.2"	"http://www.ebi.ac.uk/efo/EFO_0002812"	"mouse embryonic stem cell"	"http://www.ebi.ac.uk/efo/EFO_0004038"	"fresh specimen"	"http://purl.obolibrary.org/obo/OBI_0000971"	"G2/M"		"G2/M"		"G2M_cell48"	
"ERR580261"	"Mus musculus"	"http://purl.obolibrary.org/obo/NCBITaxon_10090"	"AB2.2"	"http://www.ebi.ac.uk/efo/EFO_0002812"	"mouse embryonic stem cell"	"http://www.ebi.ac.uk/efo/EFO_0004038"	"fresh specimen"	"http://purl.obolibrary.org/obo/OBI_0000971"	"G1"		"G1"		"G1_cell88"	
"ERR580262"	"Mus musculus"	"http://purl.obolibrary.org/obo/NCBITaxon_10090"	"AB2.2"	"http://www.ebi.ac.uk/efo/EFO_0002812"	"mouse embryonic stem cell"	"http://www.ebi.ac.uk/efo/EFO_0004038"	"fresh specimen"	"http://purl.obolibrary.org/obo/OBI_0000971"	"G1"		"G1"		"G1_cell9"	
"ERR580263"	"Mus musculus"	"http://purl.obolibrary.org/obo/NCBITaxon_10090"	"AB2.2"	"http://www.ebi.ac.uk/efo/EFO_0002812"	"mouse embryonic stem cell"	"http://www.ebi.ac.uk/efo/EFO_0004038"	"fresh specimen"	"http://purl.obolibrary.org/obo/OBI_0000971"	"G2/M"		"G2/M"		"G2M_cell89"	
"ERR580264"	"Mus musculus"	"http://purl.obolibrary.org/obo/NCBITaxon_10090"	"AB2.2"	"http://www.ebi.ac.uk/efo/EFO_0002812"	"mouse embryonic stem cell"	"http://www.ebi.ac.uk/efo/EFO_0004038"	"fresh specimen"	"http://purl.obolibrary.org/obo/OBI_0000971"	"S"		"S"		"S_cell89"	
"ERR580265"	"Mus musculus"	"http://purl.obolibrary.org/obo/NCBITaxon_10090"	"AB2.2"	"http://www.ebi.ac.uk/efo/EFO_0002812"	"mouse embryonic stem cell"	"http://www.ebi.ac.uk/efo/EFO_0004038"	"fresh specimen"	"http://purl.obolibrary.org/obo/OBI_0000971"	"S"		"S"		"S_cell18"	
"ERR580266"	"Mus musculus"	"http://purl.obolibrary.org/obo/NCBITaxon_10090"	"AB2.2"	"http://www.ebi.ac.uk/efo/EFO_0002812"	"mouse embryonic stem cell"	"http://www.ebi.ac.uk/efo/EFO_0004038"	"fresh specimen"	"http://purl.obolibrary.org/obo/OBI_0000971"	"S"		"S"		"S_cell78"	
"ERR580267"	"Mus musculus"	"http://purl.obolibrary.org/obo/NCBITaxon_10090"	"AB2.2"	"http://www.ebi.ac.uk/efo/EFO_0002812"	"mouse embryonic stem cell"	"http://www.ebi.ac.uk/efo/EFO_0004038"	"fresh specimen"	"http://purl.obolibrary.org/obo/OBI_0000971"	"G2/M"		"G2/M"		"G2M_cell11"	
"ERR580268"	"Mus musculus"	"http://purl.obolibrary.org/obo/NCBITaxon_10090"	"AB2.2"	"http://www.ebi.ac.uk/efo/EFO_0002812"	"mouse embryonic stem cell"	"http://www.ebi.ac.uk/efo/EFO_0004038"	"fresh specimen"	"http://purl.obolibrary.org/obo/OBI_0000971"	"G2/M"		"G2/M"		"G2M_cell46"	
"ERR580269"	"Mus musculus"	"http://purl.obolibrary.org/obo/NCBITaxon_10090"	"AB2.2"	"http://www.ebi.ac.uk/efo/EFO_0002812"	"mouse embryonic stem cell"	"http://www.ebi.ac.uk/efo/EFO_0004038"	"fresh specimen"	"http://purl.obolibrary.org/obo/OBI_0000971"	"S"		"S"		"S_cell49"	
"ERR580270"	"Mus musculus"	"http://purl.obolibrary.org/obo/NCBITaxon_10090"	"AB2.2"	"http://www.ebi.ac.uk/efo/EFO_0002812"	"mouse embryonic stem cell"	"http://www.ebi.ac.uk/efo/EFO_0004038"	"fresh specimen"	"http://purl.obolibrary.org/obo/OBI_0000971"	"S"		"S"		"S_cell91"	
"ERR580271"	"Mus musculus"	"http://purl.obolibrary.org/obo/NCBITaxon_10090"	"AB2.2"	"http://www.ebi.ac.uk/efo/EFO_0002812"	"mouse embryonic stem cell"	"http://www.ebi.ac.uk/efo/EFO_0004038"	"fresh specimen"	"http://purl.obolibrary.org/obo/OBI_0000971"	"G1"		"G1"		"G1_cell56"	
"ERR580272"	"Mus musculus"	"http://purl.obolibrary.org/obo/NCBITaxon_10090"	"AB2.2"	"http://www.ebi.ac.uk/efo/EFO_0002812"	"mouse embryonic stem cell"	"http://www.ebi.ac.uk/efo/EFO_0004038"	"fresh specimen"	"http://purl.obolibrary.org/obo/OBI_0000971"	"G2/M"		"G2/M"		"G2M_cell94"	
"ERR580273"	"Mus musculus"	"http://purl.obolibrary.org/obo/NCBITaxon_10090"	"AB2.2"	"http://www.ebi.ac.uk/efo/EFO_0002812"	"mouse embryonic stem cell"	"http://www.ebi.ac.uk/efo/EFO_0004038"	"fresh specimen"	"http://purl.obolibrary.org/obo/OBI_0000971"	"G1"		"G1"		"G1_cell83"	
"ERR580274"	"Mus musculus"	"http://purl.obolibrary.org/obo/NCBITaxon_10090"	"AB2.2"	"http://www.ebi.ac.uk/efo/EFO_0002812"	"mouse embryonic stem cell"	"http://www.ebi.ac.uk/efo/EFO_0004038"	"fresh specimen"	"http://purl.obolibrary.org/obo/OBI_0000971"	"S"		"S"		"S_cell70"	
"ERR580275"	"Mus musculus"	"http://purl.obolibrary.org/obo/NCBITaxon_10090"	"AB2.2"	"http://www.ebi.ac.uk/efo/EFO_0002812"	"mouse embryonic stem cell"	"http://www.ebi.ac.uk/efo/EFO_0004038"	"fresh specimen"	"http://purl.obolibrary.org/obo/OBI_0000971"	"G2/M"		"G2/M"		"G2M_cell34"	
"ERR580276"	"Mus musculus"	"http://purl.obolibrary.org/obo/NCBITaxon_10090"	"AB2.2"	"http://www.ebi.ac.uk/efo/EFO_0002812"	"mouse embryonic stem cell"	"http://www.ebi.ac.uk/efo/EFO_0004038"	"fresh specimen"	"http://purl.obolibrary.org/obo/OBI_0000971"	"G2/M"		"G2/M"		"G2M_cell47"	
"ERR580277"	"Mus musculus"	"http://purl.obolibrary.org/obo/NCBITaxon_10090"	"AB2.2"	"http://www.ebi.ac.uk/efo/EFO_0002812"	"mouse embryonic stem cell"	"http://www.ebi.ac.uk/efo/EFO_0004038"	"fresh specimen"	"http://purl.obolibrary.org/obo/OBI_0000971"	"G1"		"G1"		"G1_cell14"	
"ERR580278"	"Mus musculus"	"http://purl.obolibrary.org/obo/NCBITaxon_10090"	"AB2.2"	"http://www.ebi.ac.uk/efo/EFO_0002812"	"mouse embryonic stem cell"	"http://www.ebi.ac.uk/efo/EFO_0004038"	"fresh specimen"	"http://purl.obolibrary.org/obo/OBI_0000971"	"S"		"S"		"S_cell11"	
"ERR580279"	"Mus musculus"	"http://purl.obolibrary.org/obo/NCBITaxon_10090"	"AB2.2"	"http://www.ebi.ac.uk/efo/EFO_0002812"	"mouse embryonic stem cell"	"http://www.ebi.ac.uk/efo/EFO_0004038"	"fresh specimen"	"http://purl.obolibrary.org/obo/OBI_0000971"	"S"		"S"		"S_cell66"	
"ERR580280"	"Mus musculus"	"http://purl.obolibrary.org/obo/NCBITaxon_10090"	"AB2.2"	"http://www.ebi.ac.uk/efo/EFO_0002812"	"mouse embryonic stem cell"	"http://www.ebi.ac.uk/efo/EFO_0004038"	"fresh specimen"	"http://purl.obolibrary.org/obo/OBI_0000971"	"G1"		"G1"		"G1_cell65"	
"ERR580281"	"Mus musculus"	"http://purl.obolibrary.org/obo/NCBITaxon_10090"	"AB2.2"	"http://www.ebi.ac.uk/efo/EFO_0002812"	"mouse embryonic stem cell"	"http://www.ebi.ac.uk/efo/EFO_0004038"	"fresh specimen"	"http://purl.obolibrary.org/obo/OBI_0000971"	"G1"		"G1"		"G1_cell34"	
"ERR580282"	"Mus musculus"	"http://purl.obolibrary.org/obo/NCBITaxon_10090"	"AB2.2"	"http://www.ebi.ac.uk/efo/EFO_0002812"	"mouse embryonic stem cell"	"http://www.ebi.ac.uk/efo/EFO_0004038"	"fresh specimen"	"http://purl.obolibrary.org/obo/OBI_0000971"	"G1"		"G1"		"G1_cell73"	
"ERR580283"	"Mus musculus"	"http://purl.obolibrary.org/obo/NCBITaxon_10090"	"AB2.2"	"http://www.ebi.ac.uk/efo/EFO_0002812"	"mouse embryonic stem cell"	"http://www.ebi.ac.uk/efo/EFO_0004038"	"fresh specimen"	"http://purl.obolibrary.org/obo/OBI_0000971"	"S"		"S"		"S_cell34"	
"ERR580284"	"Mus musculus"	"http://purl.obolibrary.org/obo/NCBITaxon_10090"	"AB2.2"	"http://www.ebi.ac.uk/efo/EFO_0002812"	"mouse embryonic stem cell"	"http://www.ebi.ac.uk/efo/EFO_0004038"	"fresh specimen"	"http://purl.obolibrary.org/obo/OBI_0000971"	"G1"		"G1"		"G1_cell23"	
"ERR580285"	"Mus musculus"	"http://purl.obolibrary.org/obo/NCBITaxon_10090"	"AB2.2"	"http://www.ebi.ac.uk/efo/EFO_0002812"	"mouse embryonic stem cell"	"http://www.ebi.ac.uk/efo/EFO_0004038"	"fresh specimen"	"http://purl.obolibrary.org/obo/OBI_0000971"	"G1"		"G1"		"G1_cell26"	
"ERR580286"	"Mus musculus"	"http://purl.obolibrary.org/obo/NCBITaxon_10090"	"AB2.2"	"http://www.ebi.ac.uk/efo/EFO_0002812"	"mouse embryonic stem cell"	"http://www.ebi.ac.uk/efo/EFO_0004038"	"fresh specimen"	"http://purl.obolibrary.org/obo/OBI_0000971"	"G2/M"		"G2/M"		"G2M_cell56"	
"ERR580287"	"Mus musculus"	"http://purl.obolibrary.org/obo/NCBITaxon_10090"	"AB2.2"	"http://www.ebi.ac.uk/efo/EFO_0002812"	"mouse embryonic stem cell"	"http://www.ebi.ac.uk/efo/EFO_0004038"	"fresh specimen"	"http://purl.obolibrary.org/obo/OBI_0000971"	"G1"		"G1"		"G1_cell29"	
"ERR580288"	"Mus musculus"	"http://purl.obolibrary.org/obo/NCBITaxon_10090"	"AB2.2"	"http://www.ebi.ac.uk/efo/EFO_0002812"	"mouse embryonic stem cell"	"http://www.ebi.ac.uk/efo/EFO_0004038"	"fresh specimen"	"http://purl.obolibrary.org/obo/OBI_0000971"	"G2/M"		"G2/M"		"G2M_cell64"	
"ERR580289"	"Mus musculus"	"http://purl.obolibrary.org/obo/NCBITaxon_10090"	"AB2.2"	"http://www.ebi.ac.uk/efo/EFO_0002812"	"mouse embryonic stem cell"	"http://www.ebi.ac.uk/efo/EFO_0004038"	"fresh specimen"	"http://purl.obolibrary.org/obo/OBI_0000971"	"S"		"S"		"S_cell40"	
"ERR580290"	"Mus musculus"	"http://purl.obolibrary.org/obo/NCBITaxon_10090"	"AB2.2"	"http://www.ebi.ac.uk/efo/EFO_0002812"	"mouse embryonic stem cell"	"http://www.ebi.ac.uk/efo/EFO_0004038"	"fresh specimen"	"http://purl.obolibrary.org/obo/OBI_0000971"	"S"		"S"		"S_cell88"	
"ERR580291"	"Mus musculus"	"http://purl.obolibrary.org/obo/NCBITaxon_10090"	"AB2.2"	"http://www.ebi.ac.uk/efo/EFO_0002812"	"mouse embryonic stem cell"	"http://www.ebi.ac.uk/efo/EFO_0004038"	"fresh specimen"	"http://purl.obolibrary.org/obo/OBI_0000971"	"G1"		"G1"		"G1_cell19"	
"ERR580292"	"Mus musculus"	"http://purl.obolibrary.org/obo/NCBITaxon_10090"	"AB2.2"	"http://www.ebi.ac.uk/efo/EFO_0002812"	"mouse embryonic stem cell"	"http://www.ebi.ac.uk/efo/EFO_0004038"	"fresh specimen"	"http://purl.obolibrary.org/obo/OBI_0000971"	"S"		"S"		"S_cell31"	
"ERR580293"	"Mus musculus"	"http://purl.obolibrary.org/obo/NCBITaxon_10090"	"AB2.2"	"http://www.ebi.ac.uk/efo/EFO_0002812"	"mouse embryonic stem cell"	"http://www.ebi.ac.uk/efo/EFO_0004038"	"fresh specimen"	"http://purl.obolibrary.org/obo/OBI_0000971"	"G1"		"G1"		"G1_cell94"	
"ERR580294"	"Mus musculus"	"http://purl.obolibrary.org/obo/NCBITaxon_10090"	"AB2.2"	"http://www.ebi.ac.uk/efo/EFO_0002812"	"mouse embryonic stem cell"	"http://www.ebi.ac.uk/efo/EFO_0004038"	"fresh specimen"	"http://purl.obolibrary.org/obo/OBI_0000971"	"G2/M"		"G2/M"		"G2M_cell82"	
"ERR580295"	"Mus musculus"	"http://purl.obolibrary.org/obo/NCBITaxon_10090"	"AB2.2"	"http://www.ebi.ac.uk/efo/EFO_0002812"	"mouse embryonic stem cell"	"http://www.ebi.ac.uk/efo/EFO_0004038"	"fresh specimen"	"http://purl.obolibrary.org/obo/OBI_0000971"	"G1"		"G1"		"G1_cell16"	
"ERR580296"	"Mus musculus"	"http://purl.obolibrary.org/obo/NCBITaxon_10090"	"AB2.2"	"http://www.ebi.ac.uk/efo/EFO_0002812"	"mouse embryonic stem cell"	"http://www.ebi.ac.uk/efo/EFO_0004038"	"fresh specimen"	"http://purl.obolibrary.org/obo/OBI_0000971"	"G2/M"		"G2/M"		"G2M_cell61"	
"ERR580297"	"Mus musculus"	"http://purl.obolibrary.org/obo/NCBITaxon_10090"	"AB2.2"	"http://www.ebi.ac.uk/efo/EFO_0002812"	"mouse embryonic stem cell"	"http://www.ebi.ac.uk/efo/EFO_0004038"	"fresh specimen"	"http://purl.obolibrary.org/obo/OBI_0000971"	"G2/M"		"G2/M"		"G2M_cell25"	
"ERR580298"	"Mus musculus"	"http://purl.obolibrary.org/obo/NCBITaxon_10090"	"AB2.2"	"http://www.ebi.ac.uk/efo/EFO_0002812"	"mouse embryonic stem cell"	"http://www.ebi.ac.uk/efo/EFO_0004038"	"fresh specimen"	"http://purl.obolibrary.org/obo/OBI_0000971"	"S"		"S"		"S_cell13"	
"ERR580299"	"Mus musculus"	"http://purl.obolibrary.org/obo/NCBITaxon_10090"	"AB2.2"	"http://www.ebi.ac.uk/efo/EFO_0002812"	"mouse embryonic stem cell"	"http://www.ebi.ac.uk/efo/EFO_0004038"	"fresh specimen"	"http://purl.obolibrary.org/obo/OBI_0000971"	"S"		"S"		"S_cell85"	
